name,price,link
Amazon Essentials Women's Billie Ballet Flats,23..70,https://www.amazon.com/sspa/click?ie=UTF8&spc=MTo2OTU3MjQzMzAwMDAwODU3OjE3MzI3NzQwODE6c3BfYXRmOjMwMDEyNjQyODc3OTQwMjo6MDo6&url=%2FAmazon-Essentials-Womens-Billie-Ballet%2Fdp%2FB0C8ZCTV8M%2Fref%3Dsr_1_1_ffob_sspa%3Fdib%3DeyJ2IjoiMSJ9.5RacU19xmx6MBRlW253GK3AIZH5D3Beqn9nl6v2BKSKSPCTTiBLScVtYb7E1awJVV6Vg5517RwUU7TYOmB_GDDgBe4cSVhR4UGKDGrG44KKDP6U5QC6jBnly3LK2oXnT7IU1bUL1tVQRqXT-wHssHtOE3Citp4WEnVqsGhNbCAzFt27cotyQVeC-PYP5Z1OEayxi8R05IrlDIZ_LnrMx55TuLRvPFyablupDwedCNDcwgiGq9uwuw7WjF1kQw8dej3aEIUPm3RyTDgejtjYR23iTp8reUaGC9CoVE6dlOV8.HxNtjnG4ItADXJ_a_5KDoGrnaeD8HoFIAx0LlcP__fM%26dib_tag%3Dse%26keywords%3Dshoes%26qid%3D1732774081%26sr%3D8-1-spons%26sp_csd%3Dd2lkZ2V0TmFtZT1zcF9hdGY%26psc%3D1
adidas Men's Lite Racer Adapt 7.0 Sneaker,45..00,https://www.amazon.com/adidas-Racer-Adapt-Sneaker-Black/dp/B0CKMC1BGB/ref=sr_1_3?dib=eyJ2IjoiMSJ9.5RacU19xmx6MBRlW253GK3AIZH5D3Beqn9nl6v2BKSKSPCTTiBLScVtYb7E1awJVV6Vg5517RwUU7TYOmB_GDDgBe4cSVhR4UGKDGrG44KKDP6U5QC6jBnly3LK2oXnT7IU1bUL1tVQRqXT-wHssHtOE3Citp4WEnVqsGhNbCAzFt27cotyQVeC-PYP5Z1OEayxi8R05IrlDIZ_LnrMx55TuLRvPFyablupDwedCNDcwgiGq9uwuw7WjF1kQw8dej3aEIUPm3RyTDgejtjYR23iTp8reUaGC9CoVE6dlOV8.HxNtjnG4ItADXJ_a_5KDoGrnaeD8HoFIAx0LlcP__fM&dib_tag=se&keywords=shoes&qid=1732774081&sr=8-3
adidas Men's Daily 4.0 Shoes,43..23,https://www.amazon.com/adidas-Daily-Sneaker-Black-White/dp/B0CKMC6CR9/ref=sr_1_5?dib=eyJ2IjoiMSJ9.5RacU19xmx6MBRlW253GK3AIZH5D3Beqn9nl6v2BKSKSPCTTiBLScVtYb7E1awJVV6Vg5517RwUU7TYOmB_GDDgBe4cSVhR4UGKDGrG44KKDP6U5QC6jBnly3LK2oXnT7IU1bUL1tVQRqXT-wHssHtOE3Citp4WEnVqsGhNbCAzFt27cotyQVeC-PYP5Z1OEayxi8R05IrlDIZ_LnrMx55TuLRvPFyablupDwedCNDcwgiGq9uwuw7WjF1kQw8dej3aEIUPm3RyTDgejtjYR23iTp8reUaGC9CoVE6dlOV8.HxNtjnG4ItADXJ_a_5KDoGrnaeD8HoFIAx0LlcP__fM&dib_tag=se&keywords=shoes&qid=1732774081&sr=8-5
Men's Oxfords Shoes for Men Casual Dress Mens Boots Shoe Chelsea Leather Formal Man Fashion Brown Black Yellow White Big Size Cowhide Work Male,39..99,https://www.amazon.com/sspa/click?ie=UTF8&spc=MToxODI0MjExMzI4MzgzOTM5OjE3MzI3NzQwODE6c3Bfc2VhcmNoX3RoZW1hdGljOjIwMDA3NTUzMzM3ODc5ODo6MTo6&url=%2FChelsea-Genuine-Business-Handmade-Increase%2Fdp%2FB09HPP8M9Y%2Fref%3Dsxin_17_pa_sp_search_thematic_sspa%3Fcontent-id%3Damzn1.sym.4924ea30-3ebf-4d1b-8d7b-d3a4dbba17c4%253Aamzn1.sym.4924ea30-3ebf-4d1b-8d7b-d3a4dbba17c4%26cv_ct_cx%3Dshoes%26dib%3DeyJ2IjoiMSJ9.9LgIhR6f_BfNFF9aGdEgkjjFXLUjb2i1wCi6f4tKjJ5X6JGYDJk2rn1kZaOoH15i.s-Ms-8BoXaX-ONqJOs-jOccXnT1FkRAEfU5m0n2z2LU%26dib_tag%3Dse%26keywords%3Dshoes%26pd_rd_i%3DB09HPP8M9Y%26pd_rd_r%3D59460f6e-1a80-4758-af08-316b0f38fdba%26pd_rd_w%3DG0D89%26pd_rd_wg%3DF9TUQ%26pf_rd_p%3D4924ea30-3ebf-4d1b-8d7b-d3a4dbba17c4%26pf_rd_r%3D7BHTF89ZYBGBNJK0B7DC%26qid%3D1732774081%26sbo%3DRZvfv%252F%252FHxDF%252BO5021pAnSA%253D%253D%26sr%3D1-1-4a82bf2c-99de-49d4-8c6e-1b9c06d4b176-spons%26sp_csd%3Dd2lkZ2V0TmFtZT1zcF9zZWFyY2hfdGhlbWF0aWM%26psc%3D1
Men's Oxfords Shoes for Men Casual Dress Mens Boots Shoe Chelsea Leather Formal Man Fashion Brown Black Yellow White Big Size Cowhide Work Male,39..99,https://www.amazon.com/sspa/click?ie=UTF8&spc=MToxODI0MjExMzI4MzgzOTM5OjE3MzI3NzQwODE6c3Bfc2VhcmNoX3RoZW1hdGljOjIwMDA3NTUzMzM3ODc5ODo6MTo6&url=%2FChelsea-Genuine-Business-Handmade-Increase%2Fdp%2FB09HPP8M9Y%2Fref%3Dsxin_17_pa_sp_search_thematic_sspa%3Fcontent-id%3Damzn1.sym.4924ea30-3ebf-4d1b-8d7b-d3a4dbba17c4%253Aamzn1.sym.4924ea30-3ebf-4d1b-8d7b-d3a4dbba17c4%26cv_ct_cx%3Dshoes%26dib%3DeyJ2IjoiMSJ9.9LgIhR6f_BfNFF9aGdEgkjjFXLUjb2i1wCi6f4tKjJ5X6JGYDJk2rn1kZaOoH15i.s-Ms-8BoXaX-ONqJOs-jOccXnT1FkRAEfU5m0n2z2LU%26dib_tag%3Dse%26keywords%3Dshoes%26pd_rd_i%3DB09HPP8M9Y%26pd_rd_r%3D59460f6e-1a80-4758-af08-316b0f38fdba%26pd_rd_w%3DG0D89%26pd_rd_wg%3DF9TUQ%26pf_rd_p%3D4924ea30-3ebf-4d1b-8d7b-d3a4dbba17c4%26pf_rd_r%3D7BHTF89ZYBGBNJK0B7DC%26qid%3D1732774081%26sbo%3DRZvfv%252F%252FHxDF%252BO5021pAnSA%253D%253D%26sr%3D1-1-4a82bf2c-99de-49d4-8c6e-1b9c06d4b176-spons%26sp_csd%3Dd2lkZ2V0TmFtZT1zcF9zZWFyY2hfdGhlbWF0aWM%26psc%3D1
"SR Max Arlington, Men's, Dress Style Soft Toe Slip Resistant Work Shoe",79..99,https://www.amazon.com/sspa/click?ie=UTF8&spc=MToxODI0MjExMzI4MzgzOTM5OjE3MzI3NzQwODE6c3Bfc2VhcmNoX3RoZW1hdGljOjIwMDAwMTM4Mzg4OTI3MTo6Mjo6&url=%2FSR-Max-Arlington-Resistant-Leather%2Fdp%2FB0871X2HK9%2Fref%3Dsxin_17_pa_sp_search_thematic_sspa%3Fcontent-id%3Damzn1.sym.4924ea30-3ebf-4d1b-8d7b-d3a4dbba17c4%253Aamzn1.sym.4924ea30-3ebf-4d1b-8d7b-d3a4dbba17c4%26cv_ct_cx%3Dshoes%26dib%3DeyJ2IjoiMSJ9.9LgIhR6f_BfNFF9aGdEgkjjFXLUjb2i1wCi6f4tKjJ5X6JGYDJk2rn1kZaOoH15i.s-Ms-8BoXaX-ONqJOs-jOccXnT1FkRAEfU5m0n2z2LU%26dib_tag%3Dse%26keywords%3Dshoes%26pd_rd_i%3DB0871X2HK9%26pd_rd_r%3D59460f6e-1a80-4758-af08-316b0f38fdba%26pd_rd_w%3DG0D89%26pd_rd_wg%3DF9TUQ%26pf_rd_p%3D4924ea30-3ebf-4d1b-8d7b-d3a4dbba17c4%26pf_rd_r%3D7BHTF89ZYBGBNJK0B7DC%26qid%3D1732774081%26sbo%3DRZvfv%252F%252FHxDF%252BO5021pAnSA%253D%253D%26sr%3D1-2-4a82bf2c-99de-49d4-8c6e-1b9c06d4b176-spons%26sp_csd%3Dd2lkZ2V0TmFtZT1zcF9zZWFyY2hfdGhlbWF0aWM%26psc%3D1
SAS Bounce Comfort Moc Lace-Up Shoes for Women – Leather Upper – Textile Lining – Foot-Shape® Last Construction,154..95,https://www.amazon.com/sspa/click?ie=UTF8&spc=MToxODI0MjExMzI4MzgzOTM5OjE3MzI3NzQwODE6c3Bfc2VhcmNoX3RoZW1hdGljOjMwMDUyODI5NzE2NTYwMjo6Mzo6&url=%2FSAS-Bounce-Black-8-5-Wide%2Fdp%2FB01M9E6397%2Fref%3Dsxin_17_pa_sp_search_thematic_sspa%3Fcontent-id%3Damzn1.sym.4924ea30-3ebf-4d1b-8d7b-d3a4dbba17c4%253Aamzn1.sym.4924ea30-3ebf-4d1b-8d7b-d3a4dbba17c4%26cv_ct_cx%3Dshoes%26dib%3DeyJ2IjoiMSJ9.9LgIhR6f_BfNFF9aGdEgkjjFXLUjb2i1wCi6f4tKjJ5X6JGYDJk2rn1kZaOoH15i.s-Ms-8BoXaX-ONqJOs-jOccXnT1FkRAEfU5m0n2z2LU%26dib_tag%3Dse%26keywords%3Dshoes%26pd_rd_i%3DB01M9E6397%26pd_rd_r%3D59460f6e-1a80-4758-af08-316b0f38fdba%26pd_rd_w%3DG0D89%26pd_rd_wg%3DF9TUQ%26pf_rd_p%3D4924ea30-3ebf-4d1b-8d7b-d3a4dbba17c4%26pf_rd_r%3D7BHTF89ZYBGBNJK0B7DC%26qid%3D1732774081%26sbo%3DRZvfv%252F%252FHxDF%252BO5021pAnSA%253D%253D%26sr%3D1-3-4a82bf2c-99de-49d4-8c6e-1b9c06d4b176-spons%26sp_csd%3Dd2lkZ2V0TmFtZT1zcF9zZWFyY2hfdGhlbWF0aWM%26psc%3D1
Flat Loafer for Men Suede Leather Slip-on Dress Driving Moccasins Casual Boat Shoes,31..99,https://www.amazon.com/sspa/click?ie=UTF8&spc=MToxODI0MjExMzI4MzgzOTM5OjE3MzI3NzQwODE6c3Bfc2VhcmNoX3RoZW1hdGljOjIwMDA3Njk4NDU2NTA1MTo6NDo6&url=%2Fyldsgs-Leather-Driving-Moccasins-Dark-red%2Fdp%2FB0987583SH%2Fref%3Dsxin_17_pa_sp_search_thematic_sspa%3Fcontent-id%3Damzn1.sym.4924ea30-3ebf-4d1b-8d7b-d3a4dbba17c4%253Aamzn1.sym.4924ea30-3ebf-4d1b-8d7b-d3a4dbba17c4%26cv_ct_cx%3Dshoes%26dib%3DeyJ2IjoiMSJ9.9LgIhR6f_BfNFF9aGdEgkjjFXLUjb2i1wCi6f4tKjJ5X6JGYDJk2rn1kZaOoH15i.s-Ms-8BoXaX-ONqJOs-jOccXnT1FkRAEfU5m0n2z2LU%26dib_tag%3Dse%26keywords%3Dshoes%26pd_rd_i%3DB0987583SH%26pd_rd_r%3D59460f6e-1a80-4758-af08-316b0f38fdba%26pd_rd_w%3DG0D89%26pd_rd_wg%3DF9TUQ%26pf_rd_p%3D4924ea30-3ebf-4d1b-8d7b-d3a4dbba17c4%26pf_rd_r%3D7BHTF89ZYBGBNJK0B7DC%26qid%3D1732774081%26sbo%3D9ZOMT9Jm0JH%252Ft%252BWi68iDSA%253D%253D%26sr%3D1-4-4a82bf2c-99de-49d4-8c6e-1b9c06d4b176-spons%26sp_csd%3Dd2lkZ2V0TmFtZT1zcF9zZWFyY2hfdGhlbWF0aWM%26psc%3D1
Skechers Men's Afterburn M. Fit,56..25,https://www.amazon.com/Skechers-Afterburn-Memory-Lace-Up-Sneaker/dp/B00FZN1MS6/ref=sr_1_6?dib=eyJ2IjoiMSJ9.5RacU19xmx6MBRlW253GK3AIZH5D3Beqn9nl6v2BKSKSPCTTiBLScVtYb7E1awJVV6Vg5517RwUU7TYOmB_GDDgBe4cSVhR4UGKDGrG44KKDP6U5QC6jBnly3LK2oXnT7IU1bUL1tVQRqXT-wHssHtOE3Citp4WEnVqsGhNbCAzFt27cotyQVeC-PYP5Z1OEayxi8R05IrlDIZ_LnrMx55TuLRvPFyablupDwedCNDcwgiGq9uwuw7WjF1kQw8dej3aEIUPm3RyTDgejtjYR23iTp8reUaGC9CoVE6dlOV8.HxNtjnG4ItADXJ_a_5KDoGrnaeD8HoFIAx0LlcP__fM&dib_tag=se&keywords=shoes&qid=1732774081&sr=8-6
Bruno Marc Men's KnitFlex Breeze Mesh Sneakers Oxfords Lace-Up Lightweight Casual Walking Shoes,31..98,https://www.amazon.com/Bruno-Marc-Sneakers-Lightweight-Grand-01/dp/B07ZLM669B/ref=sr_1_7?dib=eyJ2IjoiMSJ9.5RacU19xmx6MBRlW253GK3AIZH5D3Beqn9nl6v2BKSKSPCTTiBLScVtYb7E1awJVV6Vg5517RwUU7TYOmB_GDDgBe4cSVhR4UGKDGrG44KKDP6U5QC6jBnly3LK2oXnT7IU1bUL1tVQRqXT-wHssHtOE3Citp4WEnVqsGhNbCAzFt27cotyQVeC-PYP5Z1OEayxi8R05IrlDIZ_LnrMx55TuLRvPFyablupDwedCNDcwgiGq9uwuw7WjF1kQw8dej3aEIUPm3RyTDgejtjYR23iTp8reUaGC9CoVE6dlOV8.HxNtjnG4ItADXJ_a_5KDoGrnaeD8HoFIAx0LlcP__fM&dib_tag=se&keywords=shoes&qid=1732774081&sr=8-7
Hey Dude Women's Wendy Chambray,45..00,https://www.amazon.com/Hey-Dude-Chambray-Comfortable-Light-Weight/dp/B0B9YSWJBJ/ref=sr_1_8?dib=eyJ2IjoiMSJ9.5RacU19xmx6MBRlW253GK3AIZH5D3Beqn9nl6v2BKSKSPCTTiBLScVtYb7E1awJVV6Vg5517RwUU7TYOmB_GDDgBe4cSVhR4UGKDGrG44KKDP6U5QC6jBnly3LK2oXnT7IU1bUL1tVQRqXT-wHssHtOE3Citp4WEnVqsGhNbCAzFt27cotyQVeC-PYP5Z1OEayxi8R05IrlDIZ_LnrMx55TuLRvPFyablupDwedCNDcwgiGq9uwuw7WjF1kQw8dej3aEIUPm3RyTDgejtjYR23iTp8reUaGC9CoVE6dlOV8.HxNtjnG4ItADXJ_a_5KDoGrnaeD8HoFIAx0LlcP__fM&dib_tag=se&keywords=shoes&qid=1732774081&sr=8-8
adidas Men's Daily 3.0 Sneaker,49..52,https://www.amazon.com/adidas-Daily-Skate-Black-White/dp/B07ZSCB1ZB/ref=sr_1_9?dib=eyJ2IjoiMSJ9.5RacU19xmx6MBRlW253GK3AIZH5D3Beqn9nl6v2BKSKSPCTTiBLScVtYb7E1awJVV6Vg5517RwUU7TYOmB_GDDgBe4cSVhR4UGKDGrG44KKDP6U5QC6jBnly3LK2oXnT7IU1bUL1tVQRqXT-wHssHtOE3Citp4WEnVqsGhNbCAzFt27cotyQVeC-PYP5Z1OEayxi8R05IrlDIZ_LnrMx55TuLRvPFyablupDwedCNDcwgiGq9uwuw7WjF1kQw8dej3aEIUPm3RyTDgejtjYR23iTp8reUaGC9CoVE6dlOV8.HxNtjnG4ItADXJ_a_5KDoGrnaeD8HoFIAx0LlcP__fM&dib_tag=se&keywords=shoes&qid=1732774081&sr=8-9
adidas Men's Grand Court 2.0,53..00,https://www.amazon.com/adidas-Grand-Court-Tennis-White/dp/B09DXWQ15R/ref=sr_1_10?dib=eyJ2IjoiMSJ9.5RacU19xmx6MBRlW253GK3AIZH5D3Beqn9nl6v2BKSKSPCTTiBLScVtYb7E1awJVV6Vg5517RwUU7TYOmB_GDDgBe4cSVhR4UGKDGrG44KKDP6U5QC6jBnly3LK2oXnT7IU1bUL1tVQRqXT-wHssHtOE3Citp4WEnVqsGhNbCAzFt27cotyQVeC-PYP5Z1OEayxi8R05IrlDIZ_LnrMx55TuLRvPFyablupDwedCNDcwgiGq9uwuw7WjF1kQw8dej3aEIUPm3RyTDgejtjYR23iTp8reUaGC9CoVE6dlOV8.HxNtjnG4ItADXJ_a_5KDoGrnaeD8HoFIAx0LlcP__fM&dib_tag=se&keywords=shoes&qid=1732774081&sr=8-10
Skechers Women's Summits Sneaker,34..50,https://www.amazon.com/Skechers-Sport-Womens-Summits-Sneaker/dp/B076TBMWBZ/ref=sr_1_11?dib=eyJ2IjoiMSJ9.5RacU19xmx6MBRlW253GK3AIZH5D3Beqn9nl6v2BKSKSPCTTiBLScVtYb7E1awJVV6Vg5517RwUU7TYOmB_GDDgBe4cSVhR4UGKDGrG44KKDP6U5QC6jBnly3LK2oXnT7IU1bUL1tVQRqXT-wHssHtOE3Citp4WEnVqsGhNbCAzFt27cotyQVeC-PYP5Z1OEayxi8R05IrlDIZ_LnrMx55TuLRvPFyablupDwedCNDcwgiGq9uwuw7WjF1kQw8dej3aEIUPm3RyTDgejtjYR23iTp8reUaGC9CoVE6dlOV8.HxNtjnG4ItADXJ_a_5KDoGrnaeD8HoFIAx0LlcP__fM&dib_tag=se&keywords=shoes&qid=1732774081&sr=8-11
PUMA Men's Tazon 6 Cross Trainer,54..17,https://www.amazon.com/PUMA-Tazon-White-Silver-Running/dp/B01G3LZ5NG/ref=sr_1_12?dib=eyJ2IjoiMSJ9.5RacU19xmx6MBRlW253GK3AIZH5D3Beqn9nl6v2BKSKSPCTTiBLScVtYb7E1awJVV6Vg5517RwUU7TYOmB_GDDgBe4cSVhR4UGKDGrG44KKDP6U5QC6jBnly3LK2oXnT7IU1bUL1tVQRqXT-wHssHtOE3Citp4WEnVqsGhNbCAzFt27cotyQVeC-PYP5Z1OEayxi8R05IrlDIZ_LnrMx55TuLRvPFyablupDwedCNDcwgiGq9uwuw7WjF1kQw8dej3aEIUPm3RyTDgejtjYR23iTp8reUaGC9CoVE6dlOV8.HxNtjnG4ItADXJ_a_5KDoGrnaeD8HoFIAx0LlcP__fM&dib_tag=se&keywords=shoes&qid=1732774081&sr=8-12
adidas Women's Grand Court 2.0 Tennis Shoe,49..49,https://www.amazon.com/adidas-Womens-Tennis-Platin-Metallic/dp/B09DXTQ9L6/ref=sr_1_13?dib=eyJ2IjoiMSJ9.5RacU19xmx6MBRlW253GK3AIZH5D3Beqn9nl6v2BKSKSPCTTiBLScVtYb7E1awJVV6Vg5517RwUU7TYOmB_GDDgBe4cSVhR4UGKDGrG44KKDP6U5QC6jBnly3LK2oXnT7IU1bUL1tVQRqXT-wHssHtOE3Citp4WEnVqsGhNbCAzFt27cotyQVeC-PYP5Z1OEayxi8R05IrlDIZ_LnrMx55TuLRvPFyablupDwedCNDcwgiGq9uwuw7WjF1kQw8dej3aEIUPm3RyTDgejtjYR23iTp8reUaGC9CoVE6dlOV8.HxNtjnG4ItADXJ_a_5KDoGrnaeD8HoFIAx0LlcP__fM&dib_tag=se&keywords=shoes&qid=1732774081&sr=8-13
PUMA Men's Axelion Cross Trainer,40..99,https://www.amazon.com/PUMA-Mens-Axelion-Running-Black-Castlerock/dp/B08KKVTB76/ref=sr_1_14?dib=eyJ2IjoiMSJ9.5RacU19xmx6MBRlW253GK3AIZH5D3Beqn9nl6v2BKSKSPCTTiBLScVtYb7E1awJVV6Vg5517RwUU7TYOmB_GDDgBe4cSVhR4UGKDGrG44KKDP6U5QC6jBnly3LK2oXnT7IU1bUL1tVQRqXT-wHssHtOE3Citp4WEnVqsGhNbCAzFt27cotyQVeC-PYP5Z1OEayxi8R05IrlDIZ_LnrMx55TuLRvPFyablupDwedCNDcwgiGq9uwuw7WjF1kQw8dej3aEIUPm3RyTDgejtjYR23iTp8reUaGC9CoVE6dlOV8.HxNtjnG4ItADXJ_a_5KDoGrnaeD8HoFIAx0LlcP__fM&dib_tag=se&keywords=shoes&qid=1732774081&sr=8-14
New Balance Men's 997H V1,83..00,https://www.amazon.com/New-Balance-CM997HCA-Classic-Pack/dp/B07BL31491/ref=sr_1_15?dib=eyJ2IjoiMSJ9.5RacU19xmx6MBRlW253GK3AIZH5D3Beqn9nl6v2BKSKSPCTTiBLScVtYb7E1awJVV6Vg5517RwUU7TYOmB_GDDgBe4cSVhR4UGKDGrG44KKDP6U5QC6jBnly3LK2oXnT7IU1bUL1tVQRqXT-wHssHtOE3Citp4WEnVqsGhNbCAzFt27cotyQVeC-PYP5Z1OEayxi8R05IrlDIZ_LnrMx55TuLRvPFyablupDwedCNDcwgiGq9uwuw7WjF1kQw8dej3aEIUPm3RyTDgejtjYR23iTp8reUaGC9CoVE6dlOV8.HxNtjnG4ItADXJ_a_5KDoGrnaeD8HoFIAx0LlcP__fM&dib_tag=se&keywords=shoes&qid=1732774081&sr=8-15
Skechers Women's Squad Sr Food Service Shoe,44..97,https://www.amazon.com/Skechers-Womens-Squad-Service-black/dp/B073WGYKPB/ref=sr_1_16?dib=eyJ2IjoiMSJ9.5RacU19xmx6MBRlW253GK3AIZH5D3Beqn9nl6v2BKSKSPCTTiBLScVtYb7E1awJVV6Vg5517RwUU7TYOmB_GDDgBe4cSVhR4UGKDGrG44KKDP6U5QC6jBnly3LK2oXnT7IU1bUL1tVQRqXT-wHssHtOE3Citp4WEnVqsGhNbCAzFt27cotyQVeC-PYP5Z1OEayxi8R05IrlDIZ_LnrMx55TuLRvPFyablupDwedCNDcwgiGq9uwuw7WjF1kQw8dej3aEIUPm3RyTDgejtjYR23iTp8reUaGC9CoVE6dlOV8.HxNtjnG4ItADXJ_a_5KDoGrnaeD8HoFIAx0LlcP__fM&dib_tag=se&keywords=shoes&qid=1732774081&sr=8-16
Skechers Men's Go Walk Max Effort,41..99,https://www.amazon.com/Skechers-Performance-Max-54601-Sneaker-black/dp/B072NFDZ8K/ref=sr_1_17?dib=eyJ2IjoiMSJ9.5RacU19xmx6MBRlW253GK3AIZH5D3Beqn9nl6v2BKSKSPCTTiBLScVtYb7E1awJVV6Vg5517RwUU7TYOmB_GDDgBe4cSVhR4UGKDGrG44KKDP6U5QC6jBnly3LK2oXnT7IU1bUL1tVQRqXT-wHssHtOE3Citp4WEnVqsGhNbCAzFt27cotyQVeC-PYP5Z1OEayxi8R05IrlDIZ_LnrMx55TuLRvPFyablupDwedCNDcwgiGq9uwuw7WjF1kQw8dej3aEIUPm3RyTDgejtjYR23iTp8reUaGC9CoVE6dlOV8.HxNtjnG4ItADXJ_a_5KDoGrnaeD8HoFIAx0LlcP__fM&dib_tag=se&keywords=shoes&qid=1732774081&sr=8-17
Feethit Mens Non Slip Walking Sneakers Lightweight Breathable Slip on Running Shoes Athletic Gym Tennis Shoes for Men,29..59,https://www.amazon.com/Feethit-Lightweight-Sneakers-Breathable-Comfortable/dp/B09YRP4ZKX/ref=sr_1_18?dib=eyJ2IjoiMSJ9.5RacU19xmx6MBRlW253GK3AIZH5D3Beqn9nl6v2BKSKSPCTTiBLScVtYb7E1awJVV6Vg5517RwUU7TYOmB_GDDgBe4cSVhR4UGKDGrG44KKDP6U5QC6jBnly3LK2oXnT7IU1bUL1tVQRqXT-wHssHtOE3Citp4WEnVqsGhNbCAzFt27cotyQVeC-PYP5Z1OEayxi8R05IrlDIZ_LnrMx55TuLRvPFyablupDwedCNDcwgiGq9uwuw7WjF1kQw8dej3aEIUPm3RyTDgejtjYR23iTp8reUaGC9CoVE6dlOV8.HxNtjnG4ItADXJ_a_5KDoGrnaeD8HoFIAx0LlcP__fM&dib_tag=se&keywords=shoes&qid=1732774081&sr=8-18
Merrell Men's Moab 3 Mid Waterproof Hiking Boot,97..01,https://www.amazon.com/Merrell-Mens-Waterproof-Hiking-Earth/dp/B0987Y3D85/ref=sr_1_19?dib=eyJ2IjoiMSJ9.5RacU19xmx6MBRlW253GK3AIZH5D3Beqn9nl6v2BKSKSPCTTiBLScVtYb7E1awJVV6Vg5517RwUU7TYOmB_GDDgBe4cSVhR4UGKDGrG44KKDP6U5QC6jBnly3LK2oXnT7IU1bUL1tVQRqXT-wHssHtOE3Citp4WEnVqsGhNbCAzFt27cotyQVeC-PYP5Z1OEayxi8R05IrlDIZ_LnrMx55TuLRvPFyablupDwedCNDcwgiGq9uwuw7WjF1kQw8dej3aEIUPm3RyTDgejtjYR23iTp8reUaGC9CoVE6dlOV8.HxNtjnG4ItADXJ_a_5KDoGrnaeD8HoFIAx0LlcP__fM&dib_tag=se&keywords=shoes&qid=1732774081&sr=8-19
PUMA Mens Caven 2.0 Sneaker,52..50,https://www.amazon.com/PUMA-CAVEN-Sneaker-Gray-PUMA-Black/dp/B0C6CCZ1WJ/ref=sr_1_20?dib=eyJ2IjoiMSJ9.5RacU19xmx6MBRlW253GK3AIZH5D3Beqn9nl6v2BKSKSPCTTiBLScVtYb7E1awJVV6Vg5517RwUU7TYOmB_GDDgBe4cSVhR4UGKDGrG44KKDP6U5QC6jBnly3LK2oXnT7IU1bUL1tVQRqXT-wHssHtOE3Citp4WEnVqsGhNbCAzFt27cotyQVeC-PYP5Z1OEayxi8R05IrlDIZ_LnrMx55TuLRvPFyablupDwedCNDcwgiGq9uwuw7WjF1kQw8dej3aEIUPm3RyTDgejtjYR23iTp8reUaGC9CoVE6dlOV8.HxNtjnG4ItADXJ_a_5KDoGrnaeD8HoFIAx0LlcP__fM&dib_tag=se&keywords=shoes&qid=1732774081&sr=8-20
Hello MrLin Men's Running Shoes Non Slip Athletic Tennis Walking Blade Type Sneakers Hip Hop,37..59,https://www.amazon.com/sspa/click?ie=UTF8&spc=MTo2NTMxMTAyNzA4NDcxMDYzOjE3MzI3NzQwODE6c3Bfc2VhcmNoX3RoZW1hdGljOjIwMDEzMjg2MzM5ODU5ODo6MDo6&url=%2FHello-MrLin-Running-Athletic-Sneakers%2Fdp%2FB0BMM59P2C%2Fref%3Dsxin_37_pa_sp_search_thematic_sspa%3Fcontent-id%3Damzn1.sym.0fa4d6f6-459f-4af8-936c-b897b21fd1ed%253Aamzn1.sym.0fa4d6f6-459f-4af8-936c-b897b21fd1ed%26cv_ct_cx%3Dshoes%26dib%3DeyJ2IjoiMSJ9.y7rYBVJF8ZbJLSBdsHzWOYU9ElSFPkBvh4jpn-92nCY2BEov3MSTF6zc0iF1p4NlUi75o95iCr0kySux_aUqKQ.b1LJQyQMcGIcMllbhuGeiDFl7RVf6VpDRVME8Z0ajz0%26dib_tag%3Dse%26keywords%3Dshoes%26pd_rd_i%3DB0BMM59P2C%26pd_rd_r%3D59460f6e-1a80-4758-af08-316b0f38fdba%26pd_rd_w%3DODns6%26pd_rd_wg%3DF9TUQ%26pf_rd_p%3D0fa4d6f6-459f-4af8-936c-b897b21fd1ed%26pf_rd_r%3D7BHTF89ZYBGBNJK0B7DC%26qid%3D1732774081%26sbo%3D9ZOMT9Jm0JH%252Ft%252BWi68iDSA%253D%253D%26sr%3D1-1-ac07dfd7-5f37-4797-bcf7-0f4905c82761-spons%26sp_csd%3Dd2lkZ2V0TmFtZT1zcF9zZWFyY2hfdGhlbWF0aWM%26psc%3D1
Hello MrLin Men's Running Shoes Non Slip Athletic Tennis Walking Blade Type Sneakers Hip Hop,37..59,https://www.amazon.com/sspa/click?ie=UTF8&spc=MTo2NTMxMTAyNzA4NDcxMDYzOjE3MzI3NzQwODE6c3Bfc2VhcmNoX3RoZW1hdGljOjIwMDEzMjg2MzM5ODU5ODo6MDo6&url=%2FHello-MrLin-Running-Athletic-Sneakers%2Fdp%2FB0BMM59P2C%2Fref%3Dsxin_37_pa_sp_search_thematic_sspa%3Fcontent-id%3Damzn1.sym.0fa4d6f6-459f-4af8-936c-b897b21fd1ed%253Aamzn1.sym.0fa4d6f6-459f-4af8-936c-b897b21fd1ed%26cv_ct_cx%3Dshoes%26dib%3DeyJ2IjoiMSJ9.y7rYBVJF8ZbJLSBdsHzWOYU9ElSFPkBvh4jpn-92nCY2BEov3MSTF6zc0iF1p4NlUi75o95iCr0kySux_aUqKQ.b1LJQyQMcGIcMllbhuGeiDFl7RVf6VpDRVME8Z0ajz0%26dib_tag%3Dse%26keywords%3Dshoes%26pd_rd_i%3DB0BMM59P2C%26pd_rd_r%3D59460f6e-1a80-4758-af08-316b0f38fdba%26pd_rd_w%3DODns6%26pd_rd_wg%3DF9TUQ%26pf_rd_p%3D0fa4d6f6-459f-4af8-936c-b897b21fd1ed%26pf_rd_r%3D7BHTF89ZYBGBNJK0B7DC%26qid%3D1732774081%26sbo%3D9ZOMT9Jm0JH%252Ft%252BWi68iDSA%253D%253D%26sr%3D1-1-ac07dfd7-5f37-4797-bcf7-0f4905c82761-spons%26sp_csd%3Dd2lkZ2V0TmFtZT1zcF9zZWFyY2hfdGhlbWF0aWM%26psc%3D1
Mizuno Men's Wave Horizon 7 Running Shoe,169..95,https://www.amazon.com/sspa/click?ie=UTF8&spc=MTo2NTMxMTAyNzA4NDcxMDYzOjE3MzI3NzQwODE6c3Bfc2VhcmNoX3RoZW1hdGljOjMwMDMyNDM5MDI0MjAwMjo6MTo6&url=%2FMizuno-Mens-Horizon-Running-Nickel%2Fdp%2FB0CLVN8LPL%2Fref%3Dsxin_37_pa_sp_search_thematic_sspa%3Fcontent-id%3Damzn1.sym.0fa4d6f6-459f-4af8-936c-b897b21fd1ed%253Aamzn1.sym.0fa4d6f6-459f-4af8-936c-b897b21fd1ed%26cv_ct_cx%3Dshoes%26dib%3DeyJ2IjoiMSJ9.y7rYBVJF8ZbJLSBdsHzWOYU9ElSFPkBvh4jpn-92nCY2BEov3MSTF6zc0iF1p4NlUi75o95iCr0kySux_aUqKQ.b1LJQyQMcGIcMllbhuGeiDFl7RVf6VpDRVME8Z0ajz0%26dib_tag%3Dse%26keywords%3Dshoes%26pd_rd_i%3DB0CLVN8LPL%26pd_rd_r%3D59460f6e-1a80-4758-af08-316b0f38fdba%26pd_rd_w%3DODns6%26pd_rd_wg%3DF9TUQ%26pf_rd_p%3D0fa4d6f6-459f-4af8-936c-b897b21fd1ed%26pf_rd_r%3D7BHTF89ZYBGBNJK0B7DC%26qid%3D1732774081%26sbo%3DRZvfv%252F%252FHxDF%252BO5021pAnSA%253D%253D%26sr%3D1-2-ac07dfd7-5f37-4797-bcf7-0f4905c82761-spons%26sp_csd%3Dd2lkZ2V0TmFtZT1zcF9zZWFyY2hfdGhlbWF0aWM%26psc%3D1
Mizuno Men's Wave Rider 27 Running Shoe,89..25,https://www.amazon.com/sspa/click?ie=UTF8&spc=MTo2NTMxMTAyNzA4NDcxMDYzOjE3MzI3NzQwODE6c3Bfc2VhcmNoX3RoZW1hdGljOjMwMDIxODQ1Nzk5OTkwMjo6Mjo6&url=%2FMizuno-Mens-Rider-Running-White-Granite%2Fdp%2FB0BLQJXMW5%2Fref%3Dsxin_37_pa_sp_search_thematic_sspa%3Fcontent-id%3Damzn1.sym.0fa4d6f6-459f-4af8-936c-b897b21fd1ed%253Aamzn1.sym.0fa4d6f6-459f-4af8-936c-b897b21fd1ed%26cv_ct_cx%3Dshoes%26dib%3DeyJ2IjoiMSJ9.y7rYBVJF8ZbJLSBdsHzWOYU9ElSFPkBvh4jpn-92nCY2BEov3MSTF6zc0iF1p4NlUi75o95iCr0kySux_aUqKQ.b1LJQyQMcGIcMllbhuGeiDFl7RVf6VpDRVME8Z0ajz0%26dib_tag%3Dse%26keywords%3Dshoes%26pd_rd_i%3DB0BLQJXMW5%26pd_rd_r%3D59460f6e-1a80-4758-af08-316b0f38fdba%26pd_rd_w%3DODns6%26pd_rd_wg%3DF9TUQ%26pf_rd_p%3D0fa4d6f6-459f-4af8-936c-b897b21fd1ed%26pf_rd_r%3D7BHTF89ZYBGBNJK0B7DC%26qid%3D1732774081%26sbo%3DRZvfv%252F%252FHxDF%252BO5021pAnSA%253D%253D%26sr%3D1-3-ac07dfd7-5f37-4797-bcf7-0f4905c82761-spons%26sp_csd%3Dd2lkZ2V0TmFtZT1zcF9zZWFyY2hfdGhlbWF0aWM%26psc%3D1
FitVille Men's Extra Wide Walking Shoes Orthopedic Trail Running Shoes Sneakers for Plantar Fasciitis Diabetic Arch Support,47..99,https://www.amazon.com/sspa/click?ie=UTF8&spc=MTo2NTMxMTAyNzA4NDcxMDYzOjE3MzI3NzQwODE6c3Bfc2VhcmNoX3RoZW1hdGljOjMwMDE2NTQxMTQ4ODEwMjo6Mzo6&url=%2FFitVille-Orthopedic-Sneakers-Fasciitis-Diabetic%2Fdp%2FB0CNVL4T4P%2Fref%3Dsxin_37_pa_sp_search_thematic_sspa%3Fcontent-id%3Damzn1.sym.0fa4d6f6-459f-4af8-936c-b897b21fd1ed%253Aamzn1.sym.0fa4d6f6-459f-4af8-936c-b897b21fd1ed%26cv_ct_cx%3Dshoes%26dib%3DeyJ2IjoiMSJ9.y7rYBVJF8ZbJLSBdsHzWOYU9ElSFPkBvh4jpn-92nCY2BEov3MSTF6zc0iF1p4NlUi75o95iCr0kySux_aUqKQ.b1LJQyQMcGIcMllbhuGeiDFl7RVf6VpDRVME8Z0ajz0%26dib_tag%3Dse%26keywords%3Dshoes%26pd_rd_i%3DB0CNVL4T4P%26pd_rd_r%3D59460f6e-1a80-4758-af08-316b0f38fdba%26pd_rd_w%3DODns6%26pd_rd_wg%3DF9TUQ%26pf_rd_p%3D0fa4d6f6-459f-4af8-936c-b897b21fd1ed%26pf_rd_r%3D7BHTF89ZYBGBNJK0B7DC%26qid%3D1732774081%26sbo%3D9ZOMT9Jm0JH%252Ft%252BWi68iDSA%253D%253D%26sr%3D1-4-ac07dfd7-5f37-4797-bcf7-0f4905c82761-spons%26sp_csd%3Dd2lkZ2V0TmFtZT1zcF9zZWFyY2hfdGhlbWF0aWM%26psc%3D1
Kricely Men's Walking Shoes Breathable Lightweight Fashion Sneakers Non Slip Sport Gym Jogging Trail Running Shoes,39..49,https://www.amazon.com/sspa/click?ie=UTF8&spc=MTo2NTMxMTAyNzA4NDcxMDYzOjE3MzI3NzQwODE6c3Bfc2VhcmNoX3RoZW1hdGljOjMwMDUwNjgyODA4MDYwMjo6NDo6&url=%2FKricely-Lightweight-Breathable-Sneakers-Shoes%25EF%25BC%2588Black%2Fdp%2FB0BWRW4HDC%2Fref%3Dsxin_37_pa_sp_search_thematic_sspa%3Fcontent-id%3Damzn1.sym.0fa4d6f6-459f-4af8-936c-b897b21fd1ed%253Aamzn1.sym.0fa4d6f6-459f-4af8-936c-b897b21fd1ed%26cv_ct_cx%3Dshoes%26dib%3DeyJ2IjoiMSJ9.y7rYBVJF8ZbJLSBdsHzWOYU9ElSFPkBvh4jpn-92nCY2BEov3MSTF6zc0iF1p4NlUi75o95iCr0kySux_aUqKQ.b1LJQyQMcGIcMllbhuGeiDFl7RVf6VpDRVME8Z0ajz0%26dib_tag%3Dse%26keywords%3Dshoes%26pd_rd_i%3DB0BWRW4HDC%26pd_rd_r%3D59460f6e-1a80-4758-af08-316b0f38fdba%26pd_rd_w%3DODns6%26pd_rd_wg%3DF9TUQ%26pf_rd_p%3D0fa4d6f6-459f-4af8-936c-b897b21fd1ed%26pf_rd_r%3D7BHTF89ZYBGBNJK0B7DC%26qid%3D1732774081%26sbo%3D9ZOMT9Jm0JH%252Ft%252BWi68iDSA%253D%253D%26sr%3D1-5-ac07dfd7-5f37-4797-bcf7-0f4905c82761-spons%26sp_csd%3Dd2lkZ2V0TmFtZT1zcF9zZWFyY2hfdGhlbWF0aWM%26psc%3D1
Amazon Essentials Women's Ankle Boot,38..00,https://www.amazon.com/sspa/click?ie=UTF8&spc=MTo2OTU3MjQzMzAwMDAwODU3OjE3MzI3NzQwODE6c3BfbXRmOjIwMDAxOTUzMjM2NDMyMTo6MDo6&url=%2FAmazon-Essentials-Womens-Aola-Ankle%2Fdp%2FB07PJ7QFMD%2Fref%3Dsr_1_21_ffob_sspa%3Fdib%3DeyJ2IjoiMSJ9.5RacU19xmx6MBRlW253GK3AIZH5D3Beqn9nl6v2BKSKSPCTTiBLScVtYb7E1awJVV6Vg5517RwUU7TYOmB_GDDgBe4cSVhR4UGKDGrG44KKDP6U5QC6jBnly3LK2oXnT7IU1bUL1tVQRqXT-wHssHtOE3Citp4WEnVqsGhNbCAzFt27cotyQVeC-PYP5Z1OEayxi8R05IrlDIZ_LnrMx55TuLRvPFyablupDwedCNDcwgiGq9uwuw7WjF1kQw8dej3aEIUPm3RyTDgejtjYR23iTp8reUaGC9CoVE6dlOV8.HxNtjnG4ItADXJ_a_5KDoGrnaeD8HoFIAx0LlcP__fM%26dib_tag%3Dse%26keywords%3Dshoes%26qid%3D1732774081%26sr%3D8-21-spons%26sp_csd%3Dd2lkZ2V0TmFtZT1zcF9tdGY%26psc%3D1
Skechers Men's Respected-Boswell Boot,59..99,https://www.amazon.com/Skechers-USA-Mens-204454-Ankle/dp/B08WWDSL4C/ref=sr_1_22?dib=eyJ2IjoiMSJ9.5RacU19xmx6MBRlW253GK3AIZH5D3Beqn9nl6v2BKSKSPCTTiBLScVtYb7E1awJVV6Vg5517RwUU7TYOmB_GDDgBe4cSVhR4UGKDGrG44KKDP6U5QC6jBnly3LK2oXnT7IU1bUL1tVQRqXT-wHssHtOE3Citp4WEnVqsGhNbCAzFt27cotyQVeC-PYP5Z1OEayxi8R05IrlDIZ_LnrMx55TuLRvPFyablupDwedCNDcwgiGq9uwuw7WjF1kQw8dej3aEIUPm3RyTDgejtjYR23iTp8reUaGC9CoVE6dlOV8.HxNtjnG4ItADXJ_a_5KDoGrnaeD8HoFIAx0LlcP__fM&dib_tag=se&keywords=shoes&qid=1732774081&sr=8-22
Skechers Men's Expected Avillo,48..99,https://www.amazon.com/Skechers-Expected-Avillo-Relaxed-Fit-Loafer/dp/B00EIHUTKC/ref=sr_1_23?dib=eyJ2IjoiMSJ9.5RacU19xmx6MBRlW253GK3AIZH5D3Beqn9nl6v2BKSKSPCTTiBLScVtYb7E1awJVV6Vg5517RwUU7TYOmB_GDDgBe4cSVhR4UGKDGrG44KKDP6U5QC6jBnly3LK2oXnT7IU1bUL1tVQRqXT-wHssHtOE3Citp4WEnVqsGhNbCAzFt27cotyQVeC-PYP5Z1OEayxi8R05IrlDIZ_LnrMx55TuLRvPFyablupDwedCNDcwgiGq9uwuw7WjF1kQw8dej3aEIUPm3RyTDgejtjYR23iTp8reUaGC9CoVE6dlOV8.HxNtjnG4ItADXJ_a_5KDoGrnaeD8HoFIAx0LlcP__fM&dib_tag=se&keywords=shoes&qid=1732774081&sr=8-23
Skechers Men's Summits High Range Hands Free Slip-in,56..25,https://www.amazon.com/Skechers-Summits-Range-Loafer-Charcoal/dp/B0BJ291V2G/ref=sr_1_24?dib=eyJ2IjoiMSJ9.5RacU19xmx6MBRlW253GK3AIZH5D3Beqn9nl6v2BKSKSPCTTiBLScVtYb7E1awJVV6Vg5517RwUU7TYOmB_GDDgBe4cSVhR4UGKDGrG44KKDP6U5QC6jBnly3LK2oXnT7IU1bUL1tVQRqXT-wHssHtOE3Citp4WEnVqsGhNbCAzFt27cotyQVeC-PYP5Z1OEayxi8R05IrlDIZ_LnrMx55TuLRvPFyablupDwedCNDcwgiGq9uwuw7WjF1kQw8dej3aEIUPm3RyTDgejtjYR23iTp8reUaGC9CoVE6dlOV8.HxNtjnG4ItADXJ_a_5KDoGrnaeD8HoFIAx0LlcP__fM&dib_tag=se&keywords=shoes&qid=1732774081&sr=8-24
Skechers Men's Cankton Steel Toe Construction Shoe,58..20,https://www.amazon.com/Skechers-Casual-Steel-Sneaker-Charcoal/dp/B00UKCYBXA/ref=sr_1_25?dib=eyJ2IjoiMSJ9.5RacU19xmx6MBRlW253GK3AIZH5D3Beqn9nl6v2BKSKSPCTTiBLScVtYb7E1awJVV6Vg5517RwUU7TYOmB_GDDgBe4cSVhR4UGKDGrG44KKDP6U5QC6jBnly3LK2oXnT7IU1bUL1tVQRqXT-wHssHtOE3Citp4WEnVqsGhNbCAzFt27cotyQVeC-PYP5Z1OEayxi8R05IrlDIZ_LnrMx55TuLRvPFyablupDwedCNDcwgiGq9uwuw7WjF1kQw8dej3aEIUPm3RyTDgejtjYR23iTp8reUaGC9CoVE6dlOV8.HxNtjnG4ItADXJ_a_5KDoGrnaeD8HoFIAx0LlcP__fM&dib_tag=se&keywords=shoes&qid=1732774081&sr=8-25
Clarks Men's Tilden Cap Oxford,44..39,https://www.amazon.com/Clarks-Tilden-Cap-Oxford-Leather/dp/B00SMJOERG/ref=sr_1_26?dib=eyJ2IjoiMSJ9.5RacU19xmx6MBRlW253GK3AIZH5D3Beqn9nl6v2BKSKSPCTTiBLScVtYb7E1awJVV6Vg5517RwUU7TYOmB_GDDgBe4cSVhR4UGKDGrG44KKDP6U5QC6jBnly3LK2oXnT7IU1bUL1tVQRqXT-wHssHtOE3Citp4WEnVqsGhNbCAzFt27cotyQVeC-PYP5Z1OEayxi8R05IrlDIZ_LnrMx55TuLRvPFyablupDwedCNDcwgiGq9uwuw7WjF1kQw8dej3aEIUPm3RyTDgejtjYR23iTp8reUaGC9CoVE6dlOV8.HxNtjnG4ItADXJ_a_5KDoGrnaeD8HoFIAx0LlcP__fM&dib_tag=se&keywords=shoes&qid=1732774081&sr=8-26
Skechers Men's Go Walk Max Slip-On Shoes,34..99,https://www.amazon.com/Skechers-Performance-Mens-Sneaker-black/dp/B0725JXJCC/ref=sr_1_27?dib=eyJ2IjoiMSJ9.5RacU19xmx6MBRlW253GK3AIZH5D3Beqn9nl6v2BKSKSPCTTiBLScVtYb7E1awJVV6Vg5517RwUU7TYOmB_GDDgBe4cSVhR4UGKDGrG44KKDP6U5QC6jBnly3LK2oXnT7IU1bUL1tVQRqXT-wHssHtOE3Citp4WEnVqsGhNbCAzFt27cotyQVeC-PYP5Z1OEayxi8R05IrlDIZ_LnrMx55TuLRvPFyablupDwedCNDcwgiGq9uwuw7WjF1kQw8dej3aEIUPm3RyTDgejtjYR23iTp8reUaGC9CoVE6dlOV8.HxNtjnG4ItADXJ_a_5KDoGrnaeD8HoFIAx0LlcP__fM&dib_tag=se&keywords=shoes&qid=1732774081&sr=8-27
Cole Haan Men's Grand Crosscourt Modern Tennis Sneaker,53..46,https://www.amazon.com/Cole-Haan-Crosscourt-Sneaker-British/dp/B08DF9L9JY/ref=sr_1_28?dib=eyJ2IjoiMSJ9.5RacU19xmx6MBRlW253GK3AIZH5D3Beqn9nl6v2BKSKSPCTTiBLScVtYb7E1awJVV6Vg5517RwUU7TYOmB_GDDgBe4cSVhR4UGKDGrG44KKDP6U5QC6jBnly3LK2oXnT7IU1bUL1tVQRqXT-wHssHtOE3Citp4WEnVqsGhNbCAzFt27cotyQVeC-PYP5Z1OEayxi8R05IrlDIZ_LnrMx55TuLRvPFyablupDwedCNDcwgiGq9uwuw7WjF1kQw8dej3aEIUPm3RyTDgejtjYR23iTp8reUaGC9CoVE6dlOV8.HxNtjnG4ItADXJ_a_5KDoGrnaeD8HoFIAx0LlcP__fM&dib_tag=se&keywords=shoes&qid=1732774081&sr=8-28
Skechers Women's Go Walk Joy Sneaker,35..98,https://www.amazon.com/Skechers-Performance-Womens-Walking-taupe/dp/B072BQLZCB/ref=sr_1_29?dib=eyJ2IjoiMSJ9.5RacU19xmx6MBRlW253GK3AIZH5D3Beqn9nl6v2BKSKSPCTTiBLScVtYb7E1awJVV6Vg5517RwUU7TYOmB_GDDgBe4cSVhR4UGKDGrG44KKDP6U5QC6jBnly3LK2oXnT7IU1bUL1tVQRqXT-wHssHtOE3Citp4WEnVqsGhNbCAzFt27cotyQVeC-PYP5Z1OEayxi8R05IrlDIZ_LnrMx55TuLRvPFyablupDwedCNDcwgiGq9uwuw7WjF1kQw8dej3aEIUPm3RyTDgejtjYR23iTp8reUaGC9CoVE6dlOV8.HxNtjnG4ItADXJ_a_5KDoGrnaeD8HoFIAx0LlcP__fM&dib_tag=se&keywords=shoes&qid=1732774081&sr=8-29
Columbia Men's Fairbanks Low Sneaker,59..99,https://www.amazon.com/Columbia-Fairbanks-Sneaker-Graphite-Black/dp/B09FFNSSW5/ref=sr_1_30?dib=eyJ2IjoiMSJ9.5RacU19xmx6MBRlW253GK3AIZH5D3Beqn9nl6v2BKSKSPCTTiBLScVtYb7E1awJVV6Vg5517RwUU7TYOmB_GDDgBe4cSVhR4UGKDGrG44KKDP6U5QC6jBnly3LK2oXnT7IU1bUL1tVQRqXT-wHssHtOE3Citp4WEnVqsGhNbCAzFt27cotyQVeC-PYP5Z1OEayxi8R05IrlDIZ_LnrMx55TuLRvPFyablupDwedCNDcwgiGq9uwuw7WjF1kQw8dej3aEIUPm3RyTDgejtjYR23iTp8reUaGC9CoVE6dlOV8.HxNtjnG4ItADXJ_a_5KDoGrnaeD8HoFIAx0LlcP__fM&dib_tag=se&keywords=shoes&qid=1732774081&sr=8-30
Skechers Men's Gowalk Flex Hands Free Slip ins Athletic Slip-On Casual Walking Shoe,60..00,https://www.amazon.com/Skechers-Slip-Ins-Athletic-Walking-Air-Cooled-Sneaker/dp/B0BSDDH63M/ref=sr_1_31?dib=eyJ2IjoiMSJ9.5RacU19xmx6MBRlW253GK3AIZH5D3Beqn9nl6v2BKSKSPCTTiBLScVtYb7E1awJVV6Vg5517RwUU7TYOmB_GDDgBe4cSVhR4UGKDGrG44KKDP6U5QC6jBnly3LK2oXnT7IU1bUL1tVQRqXT-wHssHtOE3Citp4WEnVqsGhNbCAzFt27cotyQVeC-PYP5Z1OEayxi8R05IrlDIZ_LnrMx55TuLRvPFyablupDwedCNDcwgiGq9uwuw7WjF1kQw8dej3aEIUPm3RyTDgejtjYR23iTp8reUaGC9CoVE6dlOV8.HxNtjnG4ItADXJ_a_5KDoGrnaeD8HoFIAx0LlcP__fM&dib_tag=se&keywords=shoes&qid=1732774081&sr=8-31
Reebok Women's Court Advance Sneaker,30..94,https://www.amazon.com/Reebok-Unisex-Court-Advance-Sneaker/dp/B0BXFSRPJ8/ref=sr_1_32?dib=eyJ2IjoiMSJ9.5RacU19xmx6MBRlW253GK3AIZH5D3Beqn9nl6v2BKSKSPCTTiBLScVtYb7E1awJVV6Vg5517RwUU7TYOmB_GDDgBe4cSVhR4UGKDGrG44KKDP6U5QC6jBnly3LK2oXnT7IU1bUL1tVQRqXT-wHssHtOE3Citp4WEnVqsGhNbCAzFt27cotyQVeC-PYP5Z1OEayxi8R05IrlDIZ_LnrMx55TuLRvPFyablupDwedCNDcwgiGq9uwuw7WjF1kQw8dej3aEIUPm3RyTDgejtjYR23iTp8reUaGC9CoVE6dlOV8.HxNtjnG4ItADXJ_a_5KDoGrnaeD8HoFIAx0LlcP__fM&dib_tag=se&keywords=shoes&qid=1732774081&sr=8-32
INZCOU Running Shoes Lightweight Tennis Shoes Non Slip Gym Workout Shoes Breathable Mesh Walking Sneakers,29..58,https://www.amazon.com/INZCOU-Lightweight-Resistant-Breathable-Sneakers/dp/B08NDMWJV9/ref=sr_1_33?dib=eyJ2IjoiMSJ9.5RacU19xmx6MBRlW253GK3AIZH5D3Beqn9nl6v2BKSKSPCTTiBLScVtYb7E1awJVV6Vg5517RwUU7TYOmB_GDDgBe4cSVhR4UGKDGrG44KKDP6U5QC6jBnly3LK2oXnT7IU1bUL1tVQRqXT-wHssHtOE3Citp4WEnVqsGhNbCAzFt27cotyQVeC-PYP5Z1OEayxi8R05IrlDIZ_LnrMx55TuLRvPFyablupDwedCNDcwgiGq9uwuw7WjF1kQw8dej3aEIUPm3RyTDgejtjYR23iTp8reUaGC9CoVE6dlOV8.HxNtjnG4ItADXJ_a_5KDoGrnaeD8HoFIAx0LlcP__fM&dib_tag=se&keywords=shoes&qid=1732774081&sr=8-33
"HEYDUDE Wally Amazon Exclusive Styles, Men's Shoes, Men's Slip-on Loafers, Comfortable & Light-Weight",58..00,https://www.amazon.com/Hey-Dude-Midnight-Comfortable-Light-Weight/dp/B0D54R9FLP/ref=sr_1_34?dib=eyJ2IjoiMSJ9.5RacU19xmx6MBRlW253GK3AIZH5D3Beqn9nl6v2BKSKSPCTTiBLScVtYb7E1awJVV6Vg5517RwUU7TYOmB_GDDgBe4cSVhR4UGKDGrG44KKDP6U5QC6jBnly3LK2oXnT7IU1bUL1tVQRqXT-wHssHtOE3Citp4WEnVqsGhNbCAzFt27cotyQVeC-PYP5Z1OEayxi8R05IrlDIZ_LnrMx55TuLRvPFyablupDwedCNDcwgiGq9uwuw7WjF1kQw8dej3aEIUPm3RyTDgejtjYR23iTp8reUaGC9CoVE6dlOV8.HxNtjnG4ItADXJ_a_5KDoGrnaeD8HoFIAx0LlcP__fM&dib_tag=se&keywords=shoes&qid=1732774081&sr=8-34
Levi's Men's Drive Lo Sneaker,54..99,https://www.amazon.com/Levis-Synthetic-Leather-Lace-Up-Sneaker/dp/B0BN4MHG8L/ref=sr_1_35?dib=eyJ2IjoiMSJ9.5RacU19xmx6MBRlW253GK3AIZH5D3Beqn9nl6v2BKSKSPCTTiBLScVtYb7E1awJVV6Vg5517RwUU7TYOmB_GDDgBe4cSVhR4UGKDGrG44KKDP6U5QC6jBnly3LK2oXnT7IU1bUL1tVQRqXT-wHssHtOE3Citp4WEnVqsGhNbCAzFt27cotyQVeC-PYP5Z1OEayxi8R05IrlDIZ_LnrMx55TuLRvPFyablupDwedCNDcwgiGq9uwuw7WjF1kQw8dej3aEIUPm3RyTDgejtjYR23iTp8reUaGC9CoVE6dlOV8.HxNtjnG4ItADXJ_a_5KDoGrnaeD8HoFIAx0LlcP__fM&dib_tag=se&keywords=shoes&qid=1732774081&sr=8-35
Dr. Scholl's Women's Nova Sneaker,37..99,https://www.amazon.com/Dr-Scholls-Shoes-Woodsmoke-Microfiber/dp/B093QR5BS7/ref=sr_1_36?dib=eyJ2IjoiMSJ9.5RacU19xmx6MBRlW253GK3AIZH5D3Beqn9nl6v2BKSKSPCTTiBLScVtYb7E1awJVV6Vg5517RwUU7TYOmB_GDDgBe4cSVhR4UGKDGrG44KKDP6U5QC6jBnly3LK2oXnT7IU1bUL1tVQRqXT-wHssHtOE3Citp4WEnVqsGhNbCAzFt27cotyQVeC-PYP5Z1OEayxi8R05IrlDIZ_LnrMx55TuLRvPFyablupDwedCNDcwgiGq9uwuw7WjF1kQw8dej3aEIUPm3RyTDgejtjYR23iTp8reUaGC9CoVE6dlOV8.HxNtjnG4ItADXJ_a_5KDoGrnaeD8HoFIAx0LlcP__fM&dib_tag=se&keywords=shoes&qid=1732774081&sr=8-36
"Kizik Shoes: Madrid Comfortable Breathable Eco-Knit Slip On Sneakers, Convenient Hands Free Shoes | Walking Shoes for Men, Women and Elderly | Stylish, Orthopedic Shoes for Athleisure and Travel",79..00,https://www.amazon.com/sspa/click?ie=UTF8&spc=MTo2OTU3MjQzMzAwMDAwODU3OjE3MzI3NzQwODE6c3BfbXRmOjMwMDU2NjE3NjgyODkwMjo6MDo6&url=%2FKizik-Madrid-Comfortable-Eco-Knit-Sneakers%2Fdp%2FB0CS6RMM8F%2Fref%3Dsr_1_37_sspa%3Fdib%3DeyJ2IjoiMSJ9.5RacU19xmx6MBRlW253GK3AIZH5D3Beqn9nl6v2BKSKSPCTTiBLScVtYb7E1awJVV6Vg5517RwUU7TYOmB_GDDgBe4cSVhR4UGKDGrG44KKDP6U5QC6jBnly3LK2oXnT7IU1bUL1tVQRqXT-wHssHtOE3Citp4WEnVqsGhNbCAzFt27cotyQVeC-PYP5Z1OEayxi8R05IrlDIZ_LnrMx55TuLRvPFyablupDwedCNDcwgiGq9uwuw7WjF1kQw8dej3aEIUPm3RyTDgejtjYR23iTp8reUaGC9CoVE6dlOV8.HxNtjnG4ItADXJ_a_5KDoGrnaeD8HoFIAx0LlcP__fM%26dib_tag%3Dse%26keywords%3Dshoes%26qid%3D1732774081%26sr%3D8-37-spons%26sp_csd%3Dd2lkZ2V0TmFtZT1zcF9tdGY%26psc%3D1
Men's Running Shoes Non Slip Shoes Breathable Lightweight Fashion Sneakers Slip Resistant Athletic Sports Walking Gym Work Shoes,29..99,https://www.amazon.com/sspa/click?ie=UTF8&spc=MTo2OTU3MjQzMzAwMDAwODU3OjE3MzI3NzQwODE6c3BfbXRmOjIwMDExMzcyMjEyNzQ5ODo6MDo6&url=%2FSrenket-Breathable-Lightweight-Sneakers-Resistant%2Fdp%2FB0B8BL1JNP%2Fref%3Dsr_1_38_sspa%3Fdib%3DeyJ2IjoiMSJ9.5RacU19xmx6MBRlW253GK3AIZH5D3Beqn9nl6v2BKSKSPCTTiBLScVtYb7E1awJVV6Vg5517RwUU7TYOmB_GDDgBe4cSVhR4UGKDGrG44KKDP6U5QC6jBnly3LK2oXnT7IU1bUL1tVQRqXT-wHssHtOE3Citp4WEnVqsGhNbCAzFt27cotyQVeC-PYP5Z1OEayxi8R05IrlDIZ_LnrMx55TuLRvPFyablupDwedCNDcwgiGq9uwuw7WjF1kQw8dej3aEIUPm3RyTDgejtjYR23iTp8reUaGC9CoVE6dlOV8.HxNtjnG4ItADXJ_a_5KDoGrnaeD8HoFIAx0LlcP__fM%26dib_tag%3Dse%26keywords%3Dshoes%26qid%3D1732774081%26sr%3D8-38-spons%26sp_csd%3Dd2lkZ2V0TmFtZT1zcF9tdGY%26psc%3D1
Mens Casual Walking Shoes Lightweight Breathable Mesh Sneakers Athletic Slip on Shoes,39..99,https://www.amazon.com/sspa/click?ie=UTF8&spc=MTo2OTU3MjQzMzAwMDAwODU3OjE3MzI3NzQwODE6c3BfbXRmOjMwMDU2NjU2ODEwNzAwMjo6MDo6&url=%2FKUBEMUEG-Lightweight-Breathable-Sneakers-Athletic%2Fdp%2FB0DH1YQ7TZ%2Fref%3Dsr_1_39_sspa%3Fdib%3DeyJ2IjoiMSJ9.5RacU19xmx6MBRlW253GK3AIZH5D3Beqn9nl6v2BKSKSPCTTiBLScVtYb7E1awJVV6Vg5517RwUU7TYOmB_GDDgBe4cSVhR4UGKDGrG44KKDP6U5QC6jBnly3LK2oXnT7IU1bUL1tVQRqXT-wHssHtOE3Citp4WEnVqsGhNbCAzFt27cotyQVeC-PYP5Z1OEayxi8R05IrlDIZ_LnrMx55TuLRvPFyablupDwedCNDcwgiGq9uwuw7WjF1kQw8dej3aEIUPm3RyTDgejtjYR23iTp8reUaGC9CoVE6dlOV8.HxNtjnG4ItADXJ_a_5KDoGrnaeD8HoFIAx0LlcP__fM%26dib_tag%3Dse%26keywords%3Dshoes%26qid%3D1732774081%26sr%3D8-39-spons%26sp_csd%3Dd2lkZ2V0TmFtZT1zcF9tdGY%26psc%3D1
PUMA Women's Better Foam Prowl Slip-On Cross Trainer,33..99,https://www.amazon.com/PUMA-Womens-Better-Prowl-Sneaker/dp/B09VRF5VKQ/ref=sr_1_40?dib=eyJ2IjoiMSJ9.5RacU19xmx6MBRlW253GK3AIZH5D3Beqn9nl6v2BKSKSPCTTiBLScVtYb7E1awJVV6Vg5517RwUU7TYOmB_GDDgBe4cSVhR4UGKDGrG44KKDP6U5QC6jBnly3LK2oXnT7IU1bUL1tVQRqXT-wHssHtOE3Citp4WEnVqsGhNbCAzFt27cotyQVeC-PYP5Z1OEayxi8R05IrlDIZ_LnrMx55TuLRvPFyablupDwedCNDcwgiGq9uwuw7WjF1kQw8dej3aEIUPm3RyTDgejtjYR23iTp8reUaGC9CoVE6dlOV8.HxNtjnG4ItADXJ_a_5KDoGrnaeD8HoFIAx0LlcP__fM&dib_tag=se&keywords=shoes&qid=1732774081&sr=8-40
DREAM PAIRS ANNEE Heels Pumps Rhinestone Closed Toe Block Chunky Shoes,32..29,https://www.amazon.com/DREAM-PAIRS-Womens-Annee-Nubuck/dp/B071R2C43R/ref=sr_1_41?dib=eyJ2IjoiMSJ9.5RacU19xmx6MBRlW253GK3AIZH5D3Beqn9nl6v2BKSKSPCTTiBLScVtYb7E1awJVV6Vg5517RwUU7TYOmB_GDDgBe4cSVhR4UGKDGrG44KKDP6U5QC6jBnly3LK2oXnT7IU1bUL1tVQRqXT-wHssHtOE3Citp4WEnVqsGhNbCAzFt27cotyQVeC-PYP5Z1OEayxi8R05IrlDIZ_LnrMx55TuLRvPFyablupDwedCNDcwgiGq9uwuw7WjF1kQw8dej3aEIUPm3RyTDgejtjYR23iTp8reUaGC9CoVE6dlOV8.HxNtjnG4ItADXJ_a_5KDoGrnaeD8HoFIAx0LlcP__fM&dib_tag=se&keywords=shoes&qid=1732774081&sr=8-41
Skechers Women's Bobs B Cute Shoe,29..99,https://www.amazon.com/Skechers-Womens-33492W-Sneaker-Black/dp/B099CGC1YS/ref=sr_1_42?dib=eyJ2IjoiMSJ9.5RacU19xmx6MBRlW253GK3AIZH5D3Beqn9nl6v2BKSKSPCTTiBLScVtYb7E1awJVV6Vg5517RwUU7TYOmB_GDDgBe4cSVhR4UGKDGrG44KKDP6U5QC6jBnly3LK2oXnT7IU1bUL1tVQRqXT-wHssHtOE3Citp4WEnVqsGhNbCAzFt27cotyQVeC-PYP5Z1OEayxi8R05IrlDIZ_LnrMx55TuLRvPFyablupDwedCNDcwgiGq9uwuw7WjF1kQw8dej3aEIUPm3RyTDgejtjYR23iTp8reUaGC9CoVE6dlOV8.HxNtjnG4ItADXJ_a_5KDoGrnaeD8HoFIAx0LlcP__fM&dib_tag=se&keywords=shoes&qid=1732774081&sr=8-42
adidas Men's Ultraboost 1.0 DNA Shoe,168..97,https://www.amazon.com/adidas-Mens-Ultraboost-Running-White/dp/B09VCQH7RV/ref=sr_1_43?dib=eyJ2IjoiMSJ9.5RacU19xmx6MBRlW253GK3AIZH5D3Beqn9nl6v2BKSKSPCTTiBLScVtYb7E1awJVV6Vg5517RwUU7TYOmB_GDDgBe4cSVhR4UGKDGrG44KKDP6U5QC6jBnly3LK2oXnT7IU1bUL1tVQRqXT-wHssHtOE3Citp4WEnVqsGhNbCAzFt27cotyQVeC-PYP5Z1OEayxi8R05IrlDIZ_LnrMx55TuLRvPFyablupDwedCNDcwgiGq9uwuw7WjF1kQw8dej3aEIUPm3RyTDgejtjYR23iTp8reUaGC9CoVE6dlOV8.HxNtjnG4ItADXJ_a_5KDoGrnaeD8HoFIAx0LlcP__fM&dib_tag=se&keywords=shoes&qid=1732774081&sr=8-43
Fila Men's Memory Workshift-m Shoes,45..00,https://www.amazon.com/Fila-Memory-Workshift-Cross-Training-Black/dp/B00B8IUIAU/ref=sr_1_44?dib=eyJ2IjoiMSJ9.5RacU19xmx6MBRlW253GK3AIZH5D3Beqn9nl6v2BKSKSPCTTiBLScVtYb7E1awJVV6Vg5517RwUU7TYOmB_GDDgBe4cSVhR4UGKDGrG44KKDP6U5QC6jBnly3LK2oXnT7IU1bUL1tVQRqXT-wHssHtOE3Citp4WEnVqsGhNbCAzFt27cotyQVeC-PYP5Z1OEayxi8R05IrlDIZ_LnrMx55TuLRvPFyablupDwedCNDcwgiGq9uwuw7WjF1kQw8dej3aEIUPm3RyTDgejtjYR23iTp8reUaGC9CoVE6dlOV8.HxNtjnG4ItADXJ_a_5KDoGrnaeD8HoFIAx0LlcP__fM&dib_tag=se&keywords=shoes&qid=1732774081&sr=8-44
Columbia Men's Crestwood Hiking Shoe,52..50,https://www.amazon.com/Columbia-Crestwood-Hiking-Shark-Regular/dp/B07JHL9T97/ref=sr_1_45?dib=eyJ2IjoiMSJ9.5RacU19xmx6MBRlW253GK3AIZH5D3Beqn9nl6v2BKSKSPCTTiBLScVtYb7E1awJVV6Vg5517RwUU7TYOmB_GDDgBe4cSVhR4UGKDGrG44KKDP6U5QC6jBnly3LK2oXnT7IU1bUL1tVQRqXT-wHssHtOE3Citp4WEnVqsGhNbCAzFt27cotyQVeC-PYP5Z1OEayxi8R05IrlDIZ_LnrMx55TuLRvPFyablupDwedCNDcwgiGq9uwuw7WjF1kQw8dej3aEIUPm3RyTDgejtjYR23iTp8reUaGC9CoVE6dlOV8.HxNtjnG4ItADXJ_a_5KDoGrnaeD8HoFIAx0LlcP__fM&dib_tag=se&keywords=shoes&qid=1732774081&sr=8-45
LARNMERN Mens Non Slip Work Shoes Slip On Water Resistant Walking Sneakers Zapatos Trabajo Waterproof Food Service Chef Kitchen,39..92,https://www.amazon.com/LARNMERN-Sneakers-Resistant-Antideslizantes-Waterproof/dp/B0C73NVFYZ/ref=sr_1_46?dib=eyJ2IjoiMSJ9.5RacU19xmx6MBRlW253GK3AIZH5D3Beqn9nl6v2BKSKSPCTTiBLScVtYb7E1awJVV6Vg5517RwUU7TYOmB_GDDgBe4cSVhR4UGKDGrG44KKDP6U5QC6jBnly3LK2oXnT7IU1bUL1tVQRqXT-wHssHtOE3Citp4WEnVqsGhNbCAzFt27cotyQVeC-PYP5Z1OEayxi8R05IrlDIZ_LnrMx55TuLRvPFyablupDwedCNDcwgiGq9uwuw7WjF1kQw8dej3aEIUPm3RyTDgejtjYR23iTp8reUaGC9CoVE6dlOV8.HxNtjnG4ItADXJ_a_5KDoGrnaeD8HoFIAx0LlcP__fM&dib_tag=se&keywords=shoes&qid=1732774081&sr=8-46
Keds Women's Center 2 Lace Up Sneaker,54..95,https://www.amazon.com/Keds-Womens-Center-Sneaker-Charcoal/dp/B08SBP84BT/ref=sr_1_48?dib=eyJ2IjoiMSJ9.5RacU19xmx6MBRlW253GK3AIZH5D3Beqn9nl6v2BKSKSPCTTiBLScVtYb7E1awJVV6Vg5517RwUU7TYOmB_GDDgBe4cSVhR4UGKDGrG44KKDP6U5QC6jBnly3LK2oXnT7IU1bUL1tVQRqXT-wHssHtOE3Citp4WEnVqsGhNbCAzFt27cotyQVeC-PYP5Z1OEayxi8R05IrlDIZ_LnrMx55TuLRvPFyablupDwedCNDcwgiGq9uwuw7WjF1kQw8dej3aEIUPm3RyTDgejtjYR23iTp8reUaGC9CoVE6dlOV8.HxNtjnG4ItADXJ_a_5KDoGrnaeD8HoFIAx0LlcP__fM&dib_tag=se&keywords=shoes&qid=1732774081&sr=8-48
Skechers Men's Summits Colsin Sr Hands Free Slip-Ins Work Shoe,56..25,https://www.amazon.com/Skechers-Slip-Ins-Summits-Colsin-Service/dp/B0BY455N3C/ref=sr_1_49?dib=eyJ2IjoiMSJ9.5RacU19xmx6MBRlW253GK3AIZH5D3Beqn9nl6v2BKSKSPCTTiBLScVtYb7E1awJVV6Vg5517RwUU7TYOmB_GDDgBe4cSVhR4UGKDGrG44KKDP6U5QC6jBnly3LK2oXnT7IU1bUL1tVQRqXT-wHssHtOE3Citp4WEnVqsGhNbCAzFt27cotyQVeC-PYP5Z1OEayxi8R05IrlDIZ_LnrMx55TuLRvPFyablupDwedCNDcwgiGq9uwuw7WjF1kQw8dej3aEIUPm3RyTDgejtjYR23iTp8reUaGC9CoVE6dlOV8.HxNtjnG4ItADXJ_a_5KDoGrnaeD8HoFIAx0LlcP__fM&dib_tag=se&keywords=shoes&qid=1732774081&sr=8-49
Rockport Men's Eureka Walking Shoe,59..46,https://www.amazon.com/Rockport-Mens-Eureka-Walking-Brown/dp/B000W93Q1O/ref=sr_1_50?dib=eyJ2IjoiMSJ9.5RacU19xmx6MBRlW253GK3AIZH5D3Beqn9nl6v2BKSKSPCTTiBLScVtYb7E1awJVV6Vg5517RwUU7TYOmB_GDDgBe4cSVhR4UGKDGrG44KKDP6U5QC6jBnly3LK2oXnT7IU1bUL1tVQRqXT-wHssHtOE3Citp4WEnVqsGhNbCAzFt27cotyQVeC-PYP5Z1OEayxi8R05IrlDIZ_LnrMx55TuLRvPFyablupDwedCNDcwgiGq9uwuw7WjF1kQw8dej3aEIUPm3RyTDgejtjYR23iTp8reUaGC9CoVE6dlOV8.HxNtjnG4ItADXJ_a_5KDoGrnaeD8HoFIAx0LlcP__fM&dib_tag=se&keywords=shoes&qid=1732774081&sr=8-50
Skechers Men's Energy Afterburn,51..98,https://www.amazon.com/Skechers-Energy-Afterburn-Lace-Up-Sneaker/dp/B000ARB5B6/ref=sr_1_51?dib=eyJ2IjoiMSJ9.5RacU19xmx6MBRlW253GK3AIZH5D3Beqn9nl6v2BKSKSPCTTiBLScVtYb7E1awJVV6Vg5517RwUU7TYOmB_GDDgBe4cSVhR4UGKDGrG44KKDP6U5QC6jBnly3LK2oXnT7IU1bUL1tVQRqXT-wHssHtOE3Citp4WEnVqsGhNbCAzFt27cotyQVeC-PYP5Z1OEayxi8R05IrlDIZ_LnrMx55TuLRvPFyablupDwedCNDcwgiGq9uwuw7WjF1kQw8dej3aEIUPm3RyTDgejtjYR23iTp8reUaGC9CoVE6dlOV8.HxNtjnG4ItADXJ_a_5KDoGrnaeD8HoFIAx0LlcP__fM&dib_tag=se&keywords=shoes&qid=1732774081&sr=8-51
Clarks Women's Cheyn Madi Slip On Loafer,40..50,https://www.amazon.com/Clarks-Womens-Loafer-Tumbled-Leather/dp/B01N4IZQGZ/ref=sr_1_52?dib=eyJ2IjoiMSJ9.5RacU19xmx6MBRlW253GK3AIZH5D3Beqn9nl6v2BKSKSPCTTiBLScVtYb7E1awJVV6Vg5517RwUU7TYOmB_GDDgBe4cSVhR4UGKDGrG44KKDP6U5QC6jBnly3LK2oXnT7IU1bUL1tVQRqXT-wHssHtOE3Citp4WEnVqsGhNbCAzFt27cotyQVeC-PYP5Z1OEayxi8R05IrlDIZ_LnrMx55TuLRvPFyablupDwedCNDcwgiGq9uwuw7WjF1kQw8dej3aEIUPm3RyTDgejtjYR23iTp8reUaGC9CoVE6dlOV8.HxNtjnG4ItADXJ_a_5KDoGrnaeD8HoFIAx0LlcP__fM&dib_tag=se&keywords=shoes&qid=1732774081&sr=8-52
"Bruno Marc Men's Non Slip Shoes, Lightweight Mens Work Shoes & Restaurant or Food Service Sneakers",32..99,https://www.amazon.com/Bruno-Marc-Lightweight-Restaurant-SBWO2302M/dp/B0CJ8ZLQW6/ref=sr_1_53?dib=eyJ2IjoiMSJ9.5RacU19xmx6MBRlW253GK3AIZH5D3Beqn9nl6v2BKSKSPCTTiBLScVtYb7E1awJVV6Vg5517RwUU7TYOmB_GDDgBe4cSVhR4UGKDGrG44KKDP6U5QC6jBnly3LK2oXnT7IU1bUL1tVQRqXT-wHssHtOE3Citp4WEnVqsGhNbCAzFt27cotyQVeC-PYP5Z1OEayxi8R05IrlDIZ_LnrMx55TuLRvPFyablupDwedCNDcwgiGq9uwuw7WjF1kQw8dej3aEIUPm3RyTDgejtjYR23iTp8reUaGC9CoVE6dlOV8.HxNtjnG4ItADXJ_a_5KDoGrnaeD8HoFIAx0LlcP__fM&dib_tag=se&keywords=shoes&qid=1732774081&sr=8-53
Amazon Essentials Women's Belice Ballet Flat,20..80,https://www.amazon.com/sspa/click?ie=UTF8&spc=MTo2OTU3MjQzMzAwMDAwODU3OjE3MzI3NzQwODE6c3BfYnRmOjIwMDA1NzUyNTk4NzIzMTo6MDo6&url=%2FAmazon-Essentials-Womens-Ballet-Light%2Fdp%2FB088KGZ5XD%2Fref%3Dsr_1_54_ffob_sspa%3Fdib%3DeyJ2IjoiMSJ9.5RacU19xmx6MBRlW253GK3AIZH5D3Beqn9nl6v2BKSKSPCTTiBLScVtYb7E1awJVV6Vg5517RwUU7TYOmB_GDDgBe4cSVhR4UGKDGrG44KKDP6U5QC6jBnly3LK2oXnT7IU1bUL1tVQRqXT-wHssHtOE3Citp4WEnVqsGhNbCAzFt27cotyQVeC-PYP5Z1OEayxi8R05IrlDIZ_LnrMx55TuLRvPFyablupDwedCNDcwgiGq9uwuw7WjF1kQw8dej3aEIUPm3RyTDgejtjYR23iTp8reUaGC9CoVE6dlOV8.HxNtjnG4ItADXJ_a_5KDoGrnaeD8HoFIAx0LlcP__fM%26dib_tag%3Dse%26keywords%3Dshoes%26qid%3D1732774081%26sr%3D8-54-spons%26sp_csd%3Dd2lkZ2V0TmFtZT1zcF9idGY%26psc%3D1
"SneakERASERS Instant Sole and Sneaker Cleaner - Premium Shoe Cleaning Kit with Dual-Sided Sponges - Effective Shoe Cleaner for White Sneakers, Tennis Shoes - Easy, Gentle Rub Design, 10 Pack",11..99,https://www.amazon.com/sspa/click?ie=UTF8&spc=MTo2OTU3MjQzMzAwMDAwODU3OjE3MzI3NzQwODE6c3BfYnRmOjMwMDU2MjAxNjkyMTEwMjo6MDo6&url=%2FSneakERASERS-Instant-Sole-Sneaker-Cleaner%2Fdp%2FB0D9P74SMX%2Fref%3Dsr_1_55_sspa%3Fdib%3DeyJ2IjoiMSJ9.5RacU19xmx6MBRlW253GK3AIZH5D3Beqn9nl6v2BKSKSPCTTiBLScVtYb7E1awJVV6Vg5517RwUU7TYOmB_GDDgBe4cSVhR4UGKDGrG44KKDP6U5QC6jBnly3LK2oXnT7IU1bUL1tVQRqXT-wHssHtOE3Citp4WEnVqsGhNbCAzFt27cotyQVeC-PYP5Z1OEayxi8R05IrlDIZ_LnrMx55TuLRvPFyablupDwedCNDcwgiGq9uwuw7WjF1kQw8dej3aEIUPm3RyTDgejtjYR23iTp8reUaGC9CoVE6dlOV8.HxNtjnG4ItADXJ_a_5KDoGrnaeD8HoFIAx0LlcP__fM%26dib_tag%3Dse%26keywords%3Dshoes%26qid%3D1732774081%26sr%3D8-55-spons%26sp_csd%3Dd2lkZ2V0TmFtZT1zcF9idGY%26psc%3D1
LA Fresh Travel Lite Pre-Moistened Shoe Shine Wipes Case of 200 Individually Wrapped Streak-Free Cleaning Wipes Perfect for Use On Leather and Convenient Size for On The Go,49..99,https://www.amazon.com/sspa/click?ie=UTF8&spc=MTo2OTU3MjQzMzAwMDAwODU3OjE3MzI3NzQwODE6c3BfYnRmOjMwMDIxNTg0MjA4NTAwMjo6MDo6&url=%2FFresh-Travel-Individually-Sealed-Shine%2Fdp%2FB0767R2TB4%2Fref%3Dsr_1_56_sspa%3Fdib%3DeyJ2IjoiMSJ9.5RacU19xmx6MBRlW253GK3AIZH5D3Beqn9nl6v2BKSKSPCTTiBLScVtYb7E1awJVV6Vg5517RwUU7TYOmB_GDDgBe4cSVhR4UGKDGrG44KKDP6U5QC6jBnly3LK2oXnT7IU1bUL1tVQRqXT-wHssHtOE3Citp4WEnVqsGhNbCAzFt27cotyQVeC-PYP5Z1OEayxi8R05IrlDIZ_LnrMx55TuLRvPFyablupDwedCNDcwgiGq9uwuw7WjF1kQw8dej3aEIUPm3RyTDgejtjYR23iTp8reUaGC9CoVE6dlOV8.HxNtjnG4ItADXJ_a_5KDoGrnaeD8HoFIAx0LlcP__fM%26dib_tag%3Dse%26keywords%3Dshoes%26qid%3D1732774081%26sr%3D8-56-spons%26sp_csd%3Dd2lkZ2V0TmFtZT1zcF9idGY%26psc%3D1
Nordic Lifting Weightlifting Shoes Ideal for Crossfit & Gym - Men's Sneakers - VENJA,93..99,https://www.amazon.com/sspa/click?ie=UTF8&spc=MTo2OTU3MjQzMzAwMDAwODU3OjE3MzI3NzQwODE6c3BfYnRmOjIwMDAxMTY1Njg3MTY3MTo6MDo6&url=%2FNordic-Lifting-Weightlifting-Shoes-Crossfit%2Fdp%2FB07K81Z1JL%2Fref%3Dsr_1_57_sspa%3Fdib%3DeyJ2IjoiMSJ9.5RacU19xmx6MBRlW253GK3AIZH5D3Beqn9nl6v2BKSKSPCTTiBLScVtYb7E1awJVV6Vg5517RwUU7TYOmB_GDDgBe4cSVhR4UGKDGrG44KKDP6U5QC6jBnly3LK2oXnT7IU1bUL1tVQRqXT-wHssHtOE3Citp4WEnVqsGhNbCAzFt27cotyQVeC-PYP5Z1OEayxi8R05IrlDIZ_LnrMx55TuLRvPFyablupDwedCNDcwgiGq9uwuw7WjF1kQw8dej3aEIUPm3RyTDgejtjYR23iTp8reUaGC9CoVE6dlOV8.HxNtjnG4ItADXJ_a_5KDoGrnaeD8HoFIAx0LlcP__fM%26dib_tag%3Dse%26keywords%3Dshoes%26qid%3D1732774081%26sr%3D8-57-spons%26sp_csd%3Dd2lkZ2V0TmFtZT1zcF9idGY%26psc%3D1
"FitVille Diabetic Shoes for Men Extra Wide Width, Warm Slip-on Winter Slipper Boots with Adjustable Closures, Snow Boots for Swollen Feet, Neuropathy",49..99,https://www.amazon.com/sspa/click?ie=UTF8&spc=MTo2OTU3MjQzMzAwMDAwODU3OjE3MzI3NzQwODE6c3BfYnRmOjMwMDA2MTE5NTExMzkwMjo6MDo6&url=%2FFitville-Diabetic-Adjustable-Lymphedema-Neuropathy%2Fdp%2FB0CDW769RL%2Fref%3Dsr_1_58_sspa%3Fdib%3DeyJ2IjoiMSJ9.5RacU19xmx6MBRlW253GK3AIZH5D3Beqn9nl6v2BKSKSPCTTiBLScVtYb7E1awJVV6Vg5517RwUU7TYOmB_GDDgBe4cSVhR4UGKDGrG44KKDP6U5QC6jBnly3LK2oXnT7IU1bUL1tVQRqXT-wHssHtOE3Citp4WEnVqsGhNbCAzFt27cotyQVeC-PYP5Z1OEayxi8R05IrlDIZ_LnrMx55TuLRvPFyablupDwedCNDcwgiGq9uwuw7WjF1kQw8dej3aEIUPm3RyTDgejtjYR23iTp8reUaGC9CoVE6dlOV8.HxNtjnG4ItADXJ_a_5KDoGrnaeD8HoFIAx0LlcP__fM%26dib_tag%3Dse%26keywords%3Dshoes%26qid%3D1732774081%26sr%3D8-58-spons%26sp_csd%3Dd2lkZ2V0TmFtZT1zcF9idGY%26psc%3D1
Golf Shoes Men Comfortable Golf Sneakers for Men Fashion Professional Outdoor Anti Slip Spiked Golf Footwears,69..99,https://www.amazon.com/sspa/click?ie=UTF8&spc=MTo2OTU3MjQzMzAwMDAwODU3OjE3MzI3NzQwODE6c3BfYnRmOjMwMDU1MTk2MjQ2MTUwMjo6MDo6&url=%2FDARIBOM-Comfortable-Sneakers-Professional-Footwears%2Fdp%2FB0DJM1YF2J%2Fref%3Dsr_1_59_sspa%3Fdib%3DeyJ2IjoiMSJ9.5RacU19xmx6MBRlW253GK3AIZH5D3Beqn9nl6v2BKSKSPCTTiBLScVtYb7E1awJVV6Vg5517RwUU7TYOmB_GDDgBe4cSVhR4UGKDGrG44KKDP6U5QC6jBnly3LK2oXnT7IU1bUL1tVQRqXT-wHssHtOE3Citp4WEnVqsGhNbCAzFt27cotyQVeC-PYP5Z1OEayxi8R05IrlDIZ_LnrMx55TuLRvPFyablupDwedCNDcwgiGq9uwuw7WjF1kQw8dej3aEIUPm3RyTDgejtjYR23iTp8reUaGC9CoVE6dlOV8.HxNtjnG4ItADXJ_a_5KDoGrnaeD8HoFIAx0LlcP__fM%26dib_tag%3Dse%26keywords%3Dshoes%26qid%3D1732774081%26sr%3D8-59-spons%26sp_csd%3Dd2lkZ2V0TmFtZT1zcF9idGY%26psc%3D1
ELANROMAN Men's Loafers Leather Gold Tassel & Cap Toe Buckle Penny Party Wedding Prom Shoes,65..99,https://www.amazon.com/sspa/click?ie=UTF8&spc=MTo2OTU3MjQzMzAwMDAwODU3OjE3MzI3NzQwODE6c3BfYnRmOjMwMDUzNzU1ODAzNjAwMjo6MDo6&url=%2FELANROMAN-Loafers-Leather-Slippers-Butterfly%2Fdp%2FB07D9G23VT%2Fref%3Dsr_1_60_sspa%3Fdib%3DeyJ2IjoiMSJ9.5RacU19xmx6MBRlW253GK3AIZH5D3Beqn9nl6v2BKSKSPCTTiBLScVtYb7E1awJVV6Vg5517RwUU7TYOmB_GDDgBe4cSVhR4UGKDGrG44KKDP6U5QC6jBnly3LK2oXnT7IU1bUL1tVQRqXT-wHssHtOE3Citp4WEnVqsGhNbCAzFt27cotyQVeC-PYP5Z1OEayxi8R05IrlDIZ_LnrMx55TuLRvPFyablupDwedCNDcwgiGq9uwuw7WjF1kQw8dej3aEIUPm3RyTDgejtjYR23iTp8reUaGC9CoVE6dlOV8.HxNtjnG4ItADXJ_a_5KDoGrnaeD8HoFIAx0LlcP__fM%26dib_tag%3Dse%26keywords%3Dshoes%26qid%3D1732774081%26sr%3D8-60-spons%26sp_csd%3Dd2lkZ2V0TmFtZT1zcF9idGY%26psc%3D1
