Product Name,Price,Link
N/A,$20.00 ,https://ebay.com/itm/123456?itmmeta=012DEW30YG0MEEKND7NH&hash=item123546:g:acwAA9KNiJowH:sc:ShippingMethodStandard!95008!US!-1&itmprp=enc%3AbgepL1tlUHjMGCVfSTGJh%2BzsVKeJ3CQk7NizDI4BZeppuFnmyS6Ijyp8lh%2FnEw%2BWqO7uTV1Q6izE1R0T54aV8j71F4xlWfVcGft4%2FiOQhtqVXA1rW6M1atPARQRmhqUxtEPJKhKtSFgI%2Bvwlzb0GwVCtkp%3ABlBMUObkmabpYw
N/A,$20.00 ,https://ebay.com/itm/123456?itmmeta=012DEW30YG0MEEKND7NH&hash=item123546:g:acwAA9KNiJowH:sc:ShippingMethodStandard!95008!US!-1&itmprp=enc%3AbgepL1tlUHjMGCVfSTGJh%2BzsVKeJ3CQk7NizDI4BZeppuFnmyS6Ijyp8lh%2FnEw%2BWqO7uTV1Q6izE1R0T54aV8j71F4xlWfVcGft4%2FiOQhtqVXA1rW6M1atPARQRmhqUxtEPJKhKtSFgI%2Bvwlzb0GwVCtkp%3ABlBMUObkmabpYw
N/A,$131.00 ,https://www.ebay.com/itm/405265362441?_skw=watches&hash=item5e5bb2ae09:g:SRYAAOSw3xFm~5E4&itmprp=enc%3AAQAJAAAA4HoV3kP08IDx%2BKZ9MfhVJKlir2TYqMXWFwuWfKsGORSL0Or9fK831m4Lwgd9wxkrIJKuj2KgUZThQXDk6fCxpFDXPQotaIHnG1BltRX%2Bc8A%2FUaE6DkaLqxwEN3jUPZensZEBf6RVYr4QVgsQszljFvhoXi4smDKjr30caUQnO8KqKLOcnDd%2FIQ%2B2vJfgNnZfqIGP6mj2%2FD4QM%2BmIHIzr5Fu2LaCrbYGufAPRepQQQA2LJdSVe947Uyc%2FIEta7GA0cskONc429ywOhJeAsDkLEfntPLBtP%2B514qm8NkjVprVj%7Ctkp%3ABFBMmqzCmu5k
N/A,$45.35 ,https://www.ebay.com/itm/395372352334?_skw=watches&hash=item5c0e07534e%3Ag%3Aj-QAAOSwUvBk-ecA&itmprp=enc%3AAQAJAAAA4HoV3kP08IDx%2BKZ9MfhVJKlV%2BQd45ApCISt07ZskQ5zvT%2FslUHHCDHpqgrliBIIQTHMuGsYoZThzw5NwjZTsWOqjefTpIGb3CopbOcclWyupyI5lH2Y52wBWL955CAR9KiTCueIah2psvNgkdkEy2kSRGBGB9T%2B95H45Y1hkAE7XtviP5pQG0me2jvSc4oxiPO1%2FmYQltyvRy8QKia1jjNWZ3HD3uDfuuWi5pXOb8BXHExh1Eiii7wJ5470KVZSQ1Yj22c9S1M04%2F0fVmpA3YrYGQILcAyPG5Gq1q85MQdZG%7Ctkp%3ABFBMmqzCmu5k&var=664019086004
N/A,$14.50 ,https://www.ebay.com/itm/286084708250?_skw=watches&hash=item429bfa379a%3Ag%3A0ecAAOSwzGlmCvL-&itmprp=enc%3AAQAJAAAA4HoV3kP08IDx%2BKZ9MfhVJKlr6129u8uf38pEO%2BQGnhDLnAvco%2FIS9N5sA%2FJAE04bBJZE0nRRody7MC88b3LsMca1gJHX1k4CeeCk%2Bd1il%2FO7npkp9Iyua3LZ3%2BWdGNM4NDyRhqmFJNfcboiCtWYmsrLartyrPfFDDYhRdDQHk0Fl%2B4pg4OduhkwR2BaWW%2BYhlf3bh9L5tceFVqjyukwjkfTDmkwWV7th4xJkEmzvvORN98KrJHeiGMf7YyS2tIG3mDH6meQRH3g835QKCpqtvFdbda3A76BR2bvFa%2Fzwig1A%7Ctkp%3ABk9SR5qswpruZA&var=588189659066
N/A,$10.00 ,https://www.ebay.com/itm/315990600723?_skw=watches&hash=item499281ec13:g:FfgAAOSwTu5nMPr~&itmprp=enc%3AAQAJAAAAwHoV3kP08IDx%2BKZ9MfhVJKlCoqpwtvXk7RtldkPbS%2BHQUxW4Ki6HM66qPncljKmfH1j9D%2FqIuEwLXFLo7flmkzlQaC0Cjl2adioNd6T7Mnzu%2Bu5VmoYkTGpdSOpYNJhe4PhWHTpqhkLg7t2UkRr80S%2Bjwxx2TMbmZZHlBWlr4QsZQtVcBBx61Ebs4e7Hk394HfOhecnjq--CGMtUAwGnGKnKSJsi7Yokhlh2DJa5wwOfa7NEKDPH4zebQ6UOnLPdZw%3D%3D%7Ctkp%3ABk9SR5qswpruZA
N/A,$3.82 ,https://www.ebay.com/itm/335619754268?_skw=watches&hash=item4e247f091c%3Ag%3AR-AAAOSwheNbLyPZ&itmprp=enc%3AAQAJAAAA4HoV3kP08IDx%2BKZ9MfhVJKn6Ekt5WY5VYN1LwRQyeOQeIO06hFEWLHZz0FxIPyfiY50fwlTOiERLhuoo%2BIo4uESg%2FIy%2BVXL1C3EbxGbFpiBTLznXDHdEZya3ebCrkgkjNh4YAhpNCI1scQYGNs%2BXBOKJyEurwRLbNu2wOXibyX%2FO6NhMqKKgVUDB6rA7AluYjiqu7WZMZWOMTXi1YCllf%2BGxbp5RSuryJIqGfKZvSsGiNVAb%2BoMIRbLk7McocUPDcbmhdxM7gTKepdkHxL0Uw7L0HyqjxLJlv7AQ6W4hKTS4%7Ctkp%3ABk9SR5qswpruZA&var=545136691656
N/A,$1.49 ,https://www.ebay.com/itm/335680514676?_skw=watches&hash=item4e281e2a74:g:qssAAOSwIsFmxASX&itmprp=enc%3AAQAJAAAA4HoV3kP08IDx%2BKZ9MfhVJKkbeJih4mmk3h5KtJrk1s3zaw0zlhEidqPleHVTwNjTZHvZC55rCOWdWH4SfBrw6sk4vudr4dHAJCAFN6MttXaZDO%2B3aGtAQnLGRMBemISfnAKEPLGFiuFA5j%2BU6WDn%2BKNT%2B9kiP1Z74NudXepTp1%2FPCC0%2BgZjG4idRfwx77k9vyIf%2BfTC1iZR2NijLjTqj5cqyVDLjQeb%2FVyZnfWkRCNyfChX8FCYLVd24693HjViaFkvnnw0T%2B%2BvEIC1RKIWZY3Zb9BTAxtJ2%2FOOsdQpCAWox%7Ctkp%3ABk9SR5qswpruZA
N/A,$3.79 ,https://www.ebay.com/itm/167024860497?_skw=watches&hash=item26e3751d51%3Ag%3AQMIAAOSwCtJaH4MJ&itmprp=enc%3AAQAJAAAA4HoV3kP08IDx%2BKZ9MfhVJKloCAx7ZYawNBnvze8AKKRRg2yKexwfZmQZyAhq2HFD4X4ri6mKXRn1QkjXJIG52hX9yadxda7URbBYWHvVFyMPZCvzzHlJTKfpCwiIWlUYRvGaH1aoDZcY23ktEZkhh%2Bk8TOfbamEpy5HBJRBY6xzSorG1uDtUXyvGfGs202mxcrqHM%2Frx1WDpLwiuIKPdBejV%2FlVgUcieJUB0iq%2Bp16686RdHSiaGPEvleNNPycqrV1sUEupN7%2FmrUGfWIx%2FY54%2FjsOARJI9Ox4fFzpO0p2V2%7Ctkp%3ABk9SR5qswpruZA&var=466743113295
N/A,$299.00 ,https://www.ebay.com/itm/395925610319?_skw=watches&hash=item5c2f015f4f:g:YS4AAOSwHX9nP662&itmprp=enc%3AAQAJAAAA4HoV3kP08IDx%2BKZ9MfhVJKmVlWshUqEJRg%2FkIrZM1JTrdhnhuvRRoYBeFR1sy9LxhbQNa2bOkuVQORAcBR%2Bb3LcYhfcfyubb1J3aghoD0e5XboVQNcWWNZtCO6GNT6SzOWXVkUiRwhmtBVeOM0DXdhd3TijX%2BqQ0k42pCk23SiRJKuQ5zXR3EFY1AKW6aTju13rbAiv38lp8sCPne%2B3up4NxFuPubST6bAClIWwrV0TZ33ozdptYYEhm%2BUQzVNIRzb%2F91aq78hrIUxIDNU873JUZUF7XiACh0lAqTOqbrjtu%7Ctkp%3ABk9SR5qswpruZA
N/A,$369.00 ,https://www.ebay.com/itm/116401918851?_skw=watches&epid=2255362846&hash=item1b1a185383:g:BEkAAOSw0QlnPTLp&itmprp=enc%3AAQAJAAAAwHoV3kP08IDx%2BKZ9MfhVJKnAQ6vFZ7rMryh1OPnKynHX82cGjrV7RD3AAfpFbM1ZCTSA%2BCURUTVgvE4qYyKKUa9iEuS2DmqeCtTiPoV8OkYeRFNPr98tUT%2BVAKlIPgUMqsO5Msw6NPwVRt815iLVWxrH2Ih3v54NXZ2u%2Bv5ieVgjkRg5vz%2BMvz9PlpEyKXEgQKt0XO3KR80MCIxQlbcprqAjGH8BREUeo3nd8dJe%2FWE3to%2BHaBEwvP2Y3TQqmTZ7SQ%3D%3D%7Ctkp%3ABk9SR5yswpruZA
N/A,$39.99 ,https://www.ebay.com/itm/226346405693?_skw=watches&hash=item34b34c0f3d:g:bAIAAOSwWtFnEW96&itmprp=enc%3AAQAJAAAA4HoV3kP08IDx%2BKZ9MfhVJKk8UGzzFEppuB9yeNPm3NF%2FLBIykXznaxEC6yM4xFlxtG3984pH%2F3DHkiVD29igsz1LOSRLUXyU3RS5ovFny1u9qtD6bgdg6p4sgKjuRmsJFiR7JC05qdPPaJyYuRwR5n6I0%2BbXpoBRggx0bV5uehEh%2BJbtVODaxpC1cMiQlPHTuWAZy4ge9s%2FwSVhOKnSPJIEZzm4VhXfMriKMSpBPiDKJfu7fBOTI83n3Z%2BuWTfTnkBI8WrCIiTqvY3jDYSWkPkT09vkW8%2F3KK%2BWDOjFvKP0R%7Ctkp%3ABk9SR5yswpruZA
N/A,$300.00 ,https://www.ebay.com/itm/126745254111?_skw=watches&hash=item1d829b18df:g:x4YAAOSwNMdnHk68&itmprp=enc%3AAQAJAAAA4HoV3kP08IDx%2BKZ9MfhVJKnPbavWqhb%2BCsJc1FA3o6aN47X2j5454bV10rqXU0QDByGtCS50zPIecxUA%2BE%2B9cgG2Mj%2FuXbgzY8etlqBaNaYIDBNTLr2QamTx05iWS6qHMdPBBm8h21VK%2Bcnh27rT7zMIL448dscVgOn1LBhj4WQMdxXL3xavh%2BxP%2Flwtd6KO3xnpFuYusOWEaeyUYd3RVsw3QRfy123awb5GTC%2Fnbsu1%2BcfUWPcI5CUPZT7u6pyukCIXZc9QC%2B%2FfF32XObKCLFfL3OP6p4MAynx92g8Un%2F2j%7Ctkp%3ABk9SR5yswpruZA
N/A,$350.00 ,https://www.ebay.com/itm/205131946532?_skw=watches&hash=item2fc2d11a24:g:EhMAAOSwFT1ltKix&itmprp=enc%3AAQAJAAAA4HoV3kP08IDx%2BKZ9MfhVJKk8wVOCup7PLPBX%2B9gbV9iUeSigJhYytWPneoNIm5C5IxZy1me3Njh5ERtaKsWtTcPgClTlI%2BddkqsMzwmq28TGRTyWZtkoJugZv4DReRQoVzvGge%2Fb6zNM9AvCHFfZLOsWqqxLCdreB1OVEtsUjLulDoEHTK9WeKiBufwXwXtO0LbpUgeyc0y6kR4cSK9OlwFXAMBBctPdrGppaj9Zu8rPDrqYqsiqeoFEbqs2XdsXnSFkI8DFULTeJnigtRY%2BiWW2wKYAqXGkwaQ04XmQSdAE%7Ctkp%3ABk9SR5yswpruZA
N/A,$19.48 ,https://www.ebay.com/itm/355769952084?_skw=watches&hash=item52d58aa754:g:RPYAAOSwSytmYQOb&itmprp=enc%3AAQAJAAAA4HoV3kP08IDx%2BKZ9MfhVJKmtPcJqktjgIS0HxREboK5yI0qcteoDh6rB08EcHbIj6OfFC0FwqhHuvjSFej%2BRulJh8UhzWJyq0pjBeXVc517LUhE3owuYyJisInUC47O7isY9eg5oHgmasdwA5mo4PMe4CE6lGgHG%2B2COsgo0KG0Y3db%2BEb5%2BI8wkCwhIgG6dXZpbKvlyTGP0m%2BpMqQvUCsJ04sVCRCyyiFQ3wfYCf75FolL81vTWgO%2BZN%2BLWttSreb90W8WzVnXS5mvgHjdIWwVFjUZq2nSJQoNRHLUufhsQ%7Ctkp%3ABFBMnKzCmu5k
N/A,$139.99 ,https://www.ebay.com/itm/234557777053?_skw=watches&hash=item369cbba49d:g:u6sAAOSwn81il9hr&itmprp=enc%3AAQAJAAAA4HoV3kP08IDx%2BKZ9MfhVJKmYUEvq%2FZvtW0ziCxgUh869t0L%2FVO%2B9TRihKB9yrMvlUYkqkbt8hYu9iwG8e%2BRciEkw16zwL%2Fxacedf5bshsc6o40tX3eb%2BkGslqDcY6%2FnbM9lJBcVd82gQUWjb%2B%2B0ZwD1N9N1FFruhlet04v%2F5BY4hWibsmXf6%2BkNQfIFuVg82%2F%2BzQnPjWkzAXQragwOe43%2Bnu0oBLzq24FHygnZTpfHFNActj%2Ba8Td8v%2FiFYWQa5xD5Myei4Sc0OSYdNJATlV6ufvso63kRtIdhdvjsCecvaM%7Ctkp%3ABFBMnKzCmu5k
N/A,$18.99 ,https://www.ebay.com/itm/286162420649?_skw=watches&hash=item42a09c03a9%3Ag%3AA4sAAOSwhMJmGUXm&itmprp=enc%3AAQAJAAAA4HoV3kP08IDx%2BKZ9MfhVJKlh7Ho186nLIEhHeMpAfWcpfyMyEirMx29syDJzOJ8NraajQoEoI9jZgAUfN%2FdeyETrUUKdWdi7u%2B4YbVXL8jNGYIiAt76565K9B9S%2B81oJDkV9URAgydVFymEPwb%2BHFJCsWHDTytP5mKB6nog51R5TRf1S6u9pb72clinYsKCXNPPemHa6T6YA%2By%2FHznt2yZiy2xHYudP5JU45RWHpXwK4C5DhDHAs%2F5YdxSBEhOpqLxfQdU%2FIywB6Y6fuBUkuyFK7Iolj1xAF9EF91yQoRNHg%7Ctkp%3ABFBMnKzCmu5k&var=588276910688
N/A,$43.89 ,https://www.ebay.com/itm/315760002106?_skw=watches&hash=item4984c3443a:g:fh8AAOSwzPVm6DFM&itmprp=enc%3AAQAJAAAA4HoV3kP08IDx%2BKZ9MfhVJKkN%2BOWCjlYSXYnONYGyVvPVHCQKxERpt1wiEY8BHynaM7oCCM3iyGF1deVBCn0MbdH9mJKSsrqNkc2X3WavGMAgPfS54scsAeOmQ4KCEJq9K9vym8Qz4NuIhxOgl%2F9EEBDjPT1B0wLUZLGn%2FgHLbOqaANL03wO5noC3FpM2wRWN6gOJFExLRVWl7f3Zi0o6vhPUNXQEBs%2B6pUwTutXdPbzuftmGxHEtepjWIyj1utiK0MFoTS8aC1NccUx4FCQuWfxeX59LOImTDfanElxTsRi9%7Ctkp%3ABFBMnKzCmu5k
N/A,$1.29 ,https://www.ebay.com/itm/315975226188?_skw=watches&hash=item499197534c%3Ag%3Atg8AAOSwJO1nLIwz&itmprp=enc%3AAQAJAAAA4HoV3kP08IDx%2BKZ9MfhVJKmSObzICEaYrfeQTSuC6%2FgIkvAtyWtiYhVMkXUKaWZ49rzgMJcUdEVk%2BJXs%2B8ZW6cxZqOw0TPV0xiBb41vUJAutfeFTUcklsodkXoIl7R90DGgEbTjZkp%2FDCS1bSsJSR%2Blgysyi5QuyMbf4V1Lt57PdTYZ2Y4%2FTQToYtsuDiJ0PwsAg71NH9Bhh7Mf59K%2BN4VrTrdFrm8wDG1VRbFS%2BKCqrZgUXNrE6jlMOAYAz78OwaS1k1zhoO6kgVm8eRZxRJ5EnWLte70CsjMz0E4P%2FeF9v%7Ctkp%3ABk9SR5yswpruZA&var=614495564104
N/A,$119.00 ,https://www.ebay.com/itm/387657953189?_skw=watches&epid=22060891645&hash=item5a4236efa5:g:OG8AAOSwWK1nRVMJ&itmprp=enc%3AAQAJAAAAwHoV3kP08IDx%2BKZ9MfhVJKn2UQOxSo5wRaoXzKM0BvaF3IbYrhrqH4G2K1YtTGCc7M09%2Fh7afnbg5jL1XbRn7HASewQRBcAF2wKcA8Ckyrqb3qsn5T3z%2BiSj4%2BtDNRpuBxKCDWAbJeL0eQltSFh329WEiS%2BkBz%2FYg1TzObXkORK4oZwO%2B2cNLr15smWTzEi5JrxZfizRbdGmuxdX66--BWr5%2B4QqEzqmq8OK8P5Qo%2BhlB0nwlnqwCVv1xfG79PEItw%3D%3D%7Ctkp%3ABk9SR5yswpruZA
N/A,$12.99 ,https://www.ebay.com/itm/286084695454?_skw=watches&hash=item429bfa059e%3Ag%3AGUwAAOSwj6NmBDWK&itmprp=enc%3AAQAJAAAA4HoV3kP08IDx%2BKZ9MfhVJKnge5tmqanQDOkzDgKRzpkIHRb965%2FY7Ex8VaTz1Dh79VVNH%2BLskXsrIP1MIh1qLOaqgqpKrmyMCls8rhbWcMGbVK3HVH9sk43l3E4tg11SSbXRfLupN5g21ZXpThYq3nLpZUGnnAkJ5x1q5hNDvNiLL29C%2Bg%2BQTGi%2BJYAtwIV2Hq0aIEkvGzmGyY8fxceTbOtXM2iZVtXi8keozXyoyXV6BF3TyBgUHz1cXs1vtdIheq%2FRo3wtkjiCY%2BOAAobx6Kl7iPdGmLhJ7mfSoArp5xvS%7Ctkp%3ABk9SR5yswpruZA&var=588189502101
N/A,$359.10 ,https://www.ebay.com/itm/387645517454?_skw=watches&epid=10043318476&hash=item5a41792e8e:g:DXIAAOSwkNlnQ094&itmprp=enc%3AAQAJAAAAwHoV3kP08IDx%2BKZ9MfhVJKmUF2h8Bam3PG2CwFZfBXzRvLx0i1rWILhCARjAslJTC5mWQoO026rXk950DegdWG%2FGpfsC%2BdkLZAKBFIdcO665VB7o494VT5xN80BWlwKgYLJ0d6nZ3dAhO78fj%2FdEmaxVbVh8%2FALLn4COxrm2gCHDD5fYJgArTKBUur%2BvPDvXWObHbsMXOhhWYI0zb13fMTKYRRyKASVMTvOXfwK0UBEs9ogd5%2BBKtm9%2FRtp%2BFjNCLw%3D%3D%7Ctkp%3ABk9SR5yswpruZA
N/A,$102.50 ,https://www.ebay.com/itm/186809129356?_skw=watches&hash=item2b7eb1198c:g:A2IAAOSw~WVnNPBS&itmprp=enc%3AAQAJAAAA4HoV3kP08IDx%2BKZ9MfhVJKkBgPX4MK%2BdjLjdHDHkJyn7PddwkQCWoWaiJdFYUF7hgVhLL8D0%2BKRk4lO3RhsalyRRVh8LfkuurSCv4kBwi%2FSX%2FcvLd%2FKDw9LihHkETS%2FUApnK4Zj2CjJJrG8EmJapf1Ap7Y4MFvTxlnFS7fYfhhLWQ8bQTR37vSUvcKlTnzoWYbR56z%2Fj7MLqnRTjGNv3D%2FZWJak4CSVT3iXSMKhT5Ur8yDQ4fpldEY4mGK9%2FgX4hhxlzg6B1QbKhhor1yTmwXzl0TgY9xO7BiC%2FmMjz5yeV1%7Ctkp%3ABk9SR5yswpruZA
N/A,$36.55 ,https://www.ebay.com/itm/395809294854?_skw=watches&hash=item5c28128a06%3Ag%3A3-cAAOSwkOxnEsR0&itmprp=enc%3AAQAJAAAAwHoV3kP08IDx%2BKZ9MfhVJKlVXOZ7wHVbnKBMS2yQ2H42esoAL7%2F9zHhI0N13HQdjmonx4sWSBbKaqGCnu3sw5MKzGCpIYZfK12bXfEZgtDI9sWimnmLQVeaoWkKfNHs7JFMW91NlelkFXIy6qtBZCXniz4x9G1UnN443aOCHx3%2BsGTu%2Bhjw6SvqEUAZ6Fueo2pUPElhPoqFrbfcQr9yemVvLoz7n9VY3tPNQkV909s7x6va7Pmpow%2BRKn4wkEId2kQ%3D%3D%7Ctkp%3ABk9SR56swpruZA&var=664503914206
N/A,$25.20 ,https://www.ebay.com/itm/235757971901?_skw=watches&hash=item36e44529bd%3Ag%3A9N4AAOSwQpxm8iep&itmprp=enc%3AAQAJAAAAwHoV3kP08IDx%2BKZ9MfhVJKmkHwvtK3Y5nA9dSd%2B0HWZDAs5tpDK5qsOpPfYdNkCi4IkwER5XeY6Q%2BJlrWL4kzbvHEMkdVEdtKXZ%2F39RueNmb60tzYZZaICXbCqTrvb%2FWOZk5DXjBFf32BlQQJYflccLI%2BljWqifsvkJMnGG0NBrYIom7fwlWUNP8Gv%2BSar%2FHRkqqetEHh1fGyg0hrdMubk6IENBzoOPxJu1nyGzKjaLlSMGo2QwtlchDdXvPstyJgA%3D%3D%7Ctkp%3ABk9SR56swpruZA&var=536122093210
N/A,$100.00 ,https://www.ebay.com/itm/315997980189?_skw=watches&hash=item4992f2861d:g:sGoAAOSw-NRnOmk1&itmprp=enc%3AAQAJAAAAwHoV3kP08IDx%2BKZ9MfhVJKkuFPhU%2BgomCBd8BR6QOYqi0Qw69ZkVmmMxBqIfXPQm76FfwGa924jY0tto2kwTHBUKBesd6ohuxRkSadC9CdlVmfE%2F%2BLKGtUZYO4vfaCT5cbl6bWthPO3kEk%2FkhdfXqoRVmrHsgxY4eIOtpNRiunW4t3zULQ6wSdlBycfFeR%2BLz%2FRsZoOpcUUI1H29bKfehRwsnrQ%2FMH0iSNsAcRV%2BfcslRa0Tj60T4m%2F61%2BRGjp3wYQ%3D%3D%7Ctkp%3ABk9SR56swpruZA
N/A,$476.10 ,https://www.ebay.com/itm/387620561469?_skw=watches&hash=item5a3ffc623d:g:oHQAAOSwxQBnOJ8n&itmprp=enc%3AAQAJAAAAwHoV3kP08IDx%2BKZ9MfhVJKnqaS1fG9Qko0mmwfOQkUL42ZqWlqe7kiKVGs%2BYf7csM%2FitPbmOoEpm0icDyQvujGQpaWuzPn31ibDG03GmHRgIc9KWQp52lKZIHRybmJ1QIoB%2F3nfngHTSPQwMC47Yb3E6KcOTTuJKdMfwH8apXjt5UVzZQRBGK3l3hc%2BlNoXQmQ66WfMyOYVbi%2BlV8wq3Zghc7TofYSlr97wdpWq9Inv2wiPlQdPcLmT3nVSNCbGpxg%3D%3D%7Ctkp%3ABk9SR56swpruZA
N/A,$129.00 ,https://www.ebay.com/itm/387657890422?_skw=watches&epid=24055220770&hash=item5a4235fa76:g:9joAAOSwvRJlYqht&itmprp=enc%3AAQAJAAAA4HoV3kP08IDx%2BKZ9MfhVJKmheBDuOjjapqkCWiJ5VuZScImvCKfixUxA1E708bY1ZoUDddANvPlpJR%2Bc1J3fCpP8%2BY%2BLnzma4ucEuuYXDYw2t92LEg81eKrnG2Q5K0LA8PKCU1BPMtCjRnod7UsACgvp1WlTKwyLxs1c3qCGSW7a5PYH%2FUBeVYPRTbMqs8o4rEhP31rT%2B3MGiGBrAsgXLHhcM38sRLtRIWIqY3yOgLJHxgcpoBYOW0tR%2Fl8XnHS3M5piihhcGv7Fl5iykCLpYm64b3vup2Qj7QSuZEDF7VZE%7Ctkp%3ABk9SR56swpruZA
N/A,$249.00 ,https://www.ebay.com/itm/305925137401?_skw=watches&hash=item473a8f23f9:g:NtkAAOSwddtnP88C&itmprp=enc%3AAQAJAAAA4HoV3kP08IDx%2BKZ9MfhVJKn20kBBLkbwb6beWkfUKc8QWkhoCCFlKwrbidvgWhbbSe%2FWt%2BLmmvKCLwukRVYzrTHYNAXzdOXy%2BoJE21hq63AQYDJ0RFwEba7gLZBstoCSKIyajGYpguDnJ7I%2FXShrMndScQ2HxZ1pvm%2Frjda6c8VtkDwJKp2RHw%2FBbxpcUhynxjbtx2ZqIjtKl6grSvQEGbXoQokM7AUS1n64Cp0GurmsVcd%2F4IKSwq2Cf2Czq1RdQT66%2FRtfV3JO8Kwpsi%2Fp3YxHWJiQdyfNRMHVNvsN5615%7Ctkp%3ABk9SR56swpruZA
N/A,$31.00 ,https://www.ebay.com/itm/296842036497?_skw=watches&epid=70481664&hash=item451d2a0511:g:Ie4AAOSwwPFnPPmd&itmprp=enc%3AAQAJAAAAwHoV3kP08IDx%2BKZ9MfhVJKmwxzWSppzipBA6O7D42iMGHzWsAoOHk4CghXn4pZzXniPk3b9Ca2STB4Clmx%2BT2anFXXHpvxB6m9CBbIwThm28kQm6mJtz49C3uIYbLghGZKN8jZGJ68TBjeoAEWxHqtGvaa6jqDzb%2BpHZ2uOl%2Bhb8ezFPzejRpna9%2FKAHkSINFbk%2FdzDJw%2FTYfg9f27LQrcZHZC5txh0M7eeURDBQPd0vmqPf%2BY8PUYZICrFLBhvIYA%3D%3D%7Ctkp%3ABk9SR56swpruZA
N/A,$18.99 ,https://www.ebay.com/itm/176474095421?_skw=watches&hash=item2916acff3d%3Ag%3APe0AAOSwya5m875e&itmprp=enc%3AAQAJAAAA4HoV3kP08IDx%2BKZ9MfhVJKl4qyqXBv7%2Bes7p4csTYLI%2F9ZMZh80fj07rAJuSvSVuTJ6X%2FOkQ2GO9L9gCUoukkuiIbbMKnqOGG0WAXsGm4JUwpGCb4suo71TMEaAeLaybKhIWzQ8eW4qlrjZ5AC7ahGGILtZx5LdFQ3TvMxO9UW9cyMKFdfsl9dD2B5cMV%2FBvqCHW1O%2BKQrMJaF6EJJx71HcJKDYo5AOXl14U%2FeXpcjuGqYraU56anjA8D5JMApidU70GKuxa4XiyZo2IhfCbCrdb8BLQCo5oFT1f1tLp5Sn5%7Ctkp%3ABFBMnqzCmu5k&var=476051906836
N/A,$21.83 ,https://www.ebay.com/itm/395529990694?_skw=watches&hash=item5c176cb226%3Ag%3AKA0AAOSw3ctl6Z6n&itmprp=enc%3AAQAJAAAA4HoV3kP08IDx%2BKZ9MfhVJKlVNCEdpVlucnZuavD7VWCbaKTTg6SVEbB%2BntklcB%2Fqx5Lurs4%2BmiDyk%2Byqo%2Bsvic89zkZXEjrHdz3nean%2BSmlfVGP5y83DEIyQfENpBPZiVMJfmULC2%2Bo5uj6MmjT8HLn%2B1bY2CSN8aTR720UI%2FOBhyS2K%2FQQiA2KYm%2FDY6oEo0vA5x0pYNviQZmrJTmHQWfZNP4FIq9MLRPR8%2BSKyZnMmgeZKwkScQ1KQLgxPr20%2FApZXWhef4naHVO9P3%2B1jGp5J8r%2FGHDcpoWgYhRy%2BHoPJ%7Ctkp%3ABFBMnqzCmu5k&var=664260365251
N/A,$32.55 ,https://www.ebay.com/itm/387380668854?_skw=watches&hash=item5a31afe9b6:g:JScAAOSwiE5kf1vv&itmprp=enc%3AAQAJAAAA4HoV3kP08IDx%2BKZ9MfhVJKnGsMdjqsaKwZAmliKQ58E3XT1sYzU3mSYSnZ%2BEp2oWN%2FTIRzLGl%2FSYzWyOmWTVgkOEnwLlt6JyCD0bFMM3wmIT%2F2rKhM2LvX2AjbHD0f7ygYwHlW2aofJoq%2BMfcX4g2BEWj%2F7p5SEyl0%2FuhaFX9mGhGonJKQhq1RhuQNj4Y8yFhanwmC%2BbbKq2G%2BsmoJxFkjmqfDpf%2F0WPlZN5Zvsv7Rf4ukht9ZmgWR%2BviHQrYoNdnARIgtpb%2BDFNf84PT60ydDNx3YuauDapdBMlmlycVNid%7Ctkp%3ABFBMnqzCmu5k
N/A,$18.99 ,https://www.ebay.com/itm/156211888151?_skw=watches&epid=23024854431&hash=item245ef44017%3Ag%3AesEAAOSwafdd06PW&itmprp=enc%3AAQAJAAAA4HoV3kP08IDx%2BKZ9MfhVJKnmwp%2FrqKnNmeQyNOqCgI5plK4HsxjBg5xc6pcD2af6KgyRIUlVWEICfab6aNDGozReXInqd9Y%2F5oJ%2BYa4o1VhjOi1x0qbPAb%2B%2BLvtmAuESW67krj7DVEC%2Bg%2BucEqWWrMT6BcUsAk11aq%2BaLfQXMTmrqFR6anVjBH%2BFSERu4xEWPzVl60l9uHVpb3QS2qbsKAFMqLTFlUgLgi9K64X4%2Fvs59fD%2F2l2MUlMkKJOVWCbxOmpbNIfVyQSlHabbEPO6kuzP%2Fe6b0f04mxm0XfJhoI6T%7Ctkp%3ABFBMnqzCmu5k&var=457130165755
N/A,$299.00 ,https://www.ebay.com/itm/186781633919?_skw=watches&hash=item2b7d0d8d7f:g:6psAAOSwJoxnBX28&itmprp=enc%3AAQAJAAAA4HoV3kP08IDx%2BKZ9MfhVJKmRVXVplekZJzsgSMwWfiiSIiPXetkwXNLHmlo7qjb4f2LtniRlQb9%2FeGuSt%2Fu8RLMgQh0WHJnrbcHYesOGMmy2cRmTXhMioimrNvp8puimfUTixoWUYECDh49fwMnh3aqMZm9v1EchTGjJFUoteH9fouFWgjtuHEP4mxSE%2FIG501KMWOUYgMEFwYZikxF3K4KYWbDaZsPrxXp4TbsGPhLBgSffAmTXMv%2BubEAVn5n%2FJ4nMMOAo4k0YR1q7Gk0OIcnwS7z7WUPdEFeWTDeG%2B0Io%7Ctkp%3ABk9SR56swpruZA
N/A,$99.99 ,https://www.ebay.com/itm/365254836318?_skw=watches&hash=item550ae2805e:g:qlkAAOSwGYdnMltu&itmprp=enc%3AAQAJAAAAwHoV3kP08IDx%2BKZ9MfhVJKn83PgNxpeIBczcRixTwlEYNN8aOucsshFoSwksS%2Bby1TLEkTnPScINqDgfQ1XLRdEtGVu54uoY220SjpL60GVNzRFSoDzR0P9OSzUEJghbeFpayqb16f%2Bwju%2Ff%2Bk6yzMfCHz5ggs8guZ2sI29HG3rhDHcmRptFnNlfCD0o%2FOelhQvAzk%2FIJDfgM8iA0nhum%2FAUGESQSxpEp5aolPWhcUxUwTQkcXbBgt2iSHfkcAgV0A%3D%3D%7Ctkp%3ABk9SR56swpruZA
N/A,$2.25 ,https://www.ebay.com/itm/156534925435?_skw=watches&hash=item247235687b:g:nKQAAOSwAr9nD~jq&itmprp=enc%3AAQAJAAAAwHoV3kP08IDx%2BKZ9MfhVJKm3TFqOAgUaHYEYx9Xn%2B8Nyivh%2BhMDwI5uZVIT5%2BPNzMGPYtO7QXvHmHTp0nVuQrlP4UdkjWKmIR29QQ431%2BCu%2BaZBbRvHcT6xqsf2hf1JAujj7itC8pOyfiNcmclx7w6tLNibNWxhJuMLioLxiW3ZV4FveqTfSJT3nSXU%2FPlujVV7mmRZ7IXip3f%2FN7FbggcvbVrkThwPKhWZSHTm%2BJbMDL9kxd0J1qVD2ov87UUS5eg%3D%3D%7Ctkp%3ABk9SR56swpruZA
N/A,$499.00 ,https://www.ebay.com/itm/267070576731?_skw=watches&epid=26072912838&hash=item3e2ea5985b:g:C88AAOSw6~VnPUtk&itmprp=enc%3AAQAJAAAAwHoV3kP08IDx%2BKZ9MfhVJKlelDx4xO84mHmFvBjYFlejEWllxGwUxi1x0%2BVFYvlwTXoEcnM%2Fh8EwU3AJgay%2Bp9o8LM5L%2B5xs%2FUNz7DPLRywq379f5JH5zStInorTNpRaitKhHffUxjcQSXzHH8a805an%2FICNyCImNw4T3nEMQO2ImgfuXvuBle2%2FrwJbbIZWDdzuG7WhgvEHpaEcz6NX0qs02iNVX4vOI6eezGSYf3sedzD2nmvr058937obF658aQ%3D%3D%7Ctkp%3ABk9SR56swpruZA
N/A,$112.50 ,https://www.ebay.com/itm/335696203205?_skw=watches&hash=item4e290d8dc5:g:HGcAAOSwAmFnOkal&itmprp=enc%3AAQAJAAAA4HoV3kP08IDx%2BKZ9MfhVJKnFMf0XfIOhfT%2FOOgcALtV276VWTw5gz5leIWzIVSZ7jZ5q5HY4TJtU6qd%2Fdh4ESJsSsMZUoM2YCZTiN3LerNTX%2B00P4yjGn0oBP%2Fafxf4ignnGneS%2FFccJlEyuShOmm7wBa%2B0NnVpY6yiT6aS3eQdxM%2FR21tfhVTSJlIBulC4kzOZ%2FVnOKImZuc3XN6dc5p873n1dfelGLzOwuGK6AkOwtPQ65chxGziiTb3O8YFmCoGFMqSL3w4v1o9XDxRR7FQgZLimP6X5RXyvn7hspJUfa%7Ctkp%3ABk9SR6CswpruZA
N/A,$55.37 ,https://www.ebay.com/itm/383819320528?_skw=watches&epid=3033166626&hash=item595d6a0cd0:g:eosAAOSw~JhftsJ8&itmprp=enc%3AAQAJAAAA4HoV3kP08IDx%2BKZ9MfhVJKldU2abQB%2BGV3ikvNw9jF2rS%2Bf9bufFs0ebGbx%2BRNZFusdeZYfae6xJYGTZZctBDYumB5RyDE8rV4n4wPpKFeT9FDJx3%2BoA9%2FjSSyiXDnEXGcC0ZZD%2BxV0xuWSVg0buA4p058x1YyAYAgddF30ImJpaUO4qzP93gJIswtWvevk07e0oVh2jFBaq%2BZAJ5jmJ3Ra38SyAs9%2BucLWWECgomnCE2pGGtsMKdeA%2B9Rtq1PcBJcI21%2FFcFtlTX7%2FRSp2iN%2FLNHc%2BMWACw1lUXmyiXm%2FVv%7Ctkp%3ABk9SR6CswpruZA
N/A,$29.15 to $34.19,https://www.ebay.com/itm/384783207334?_skw=watches&hash=item5996ddcba6%3Ag%3AJ3gAAOSwxvNiGdmp&itmprp=enc%3AAQAJAAAA4HoV3kP08IDx%2BKZ9MfhVJKlES8fPsS62jjQcxausP7MgunzUJcbUfFKrrFd4DZyIh2D493npdwBMbT%2BmtS89yFWUn%2B0l3OKNClWcJJyMhn64he4Zs3pBSzXDHlAbOII7%2BTJyyHFR0BGbin9cmWd8KzsoVMEKh%2B%2FRJkZr%2BCmvVdMrRMNC7eJU7so9EAWzmNtLnxee87dlbMaINupRauXwcoHcaDl4IBT%2FooTyAj11qICU6ggFfBzQg1ZnviINP3G8bWvnZLl%2BQng0ymp2XSBVE97eib%2Bi8MuYkj91vXtpUvkl%7Ctkp%3ABFBMoKzCmu5k&var=652889693167
N/A,$198.00 ,https://www.ebay.com/itm/145864477869?_skw=watches&hash=item21f6334cad:g:kS0AAOSwIGVmgo~y&itmprp=enc%3AAQAJAAAA4HoV3kP08IDx%2BKZ9MfhVJKna5sRmMucw0eEzZ2hYoHZLFMDE1V%2FkA0tdHgyHD4WcunMDGXRLRz7tzjOaFbpdvgFP5ZOK%2Ftmu%2FEHo%2B%2B4yJ4n7VC8KwKzurovLGL5wXnfH1eOFVzYejY3pHG7TIcolbKJ1ReIYGqmT0gs4C8Cppka3A7Ge9X9iXOuDrrqh%2BlBKxnvFeL8ZA9228Uwki2TO0il%2FQ4K10gm6FqcGvEjCVZ6ReOr%2FuT%2B0KicmoP5lv%2Be1JlBPnowPeMUVf0ePYFEPu6Ud5wUqRb3TZJgNse9JTDtw%7Ctkp%3ABFBMoKzCmu5k
N/A,$109.50 ,https://www.ebay.com/itm/146224196325?_skw=watches&epid=219528690&hash=item220ba42ae5:g:Db4AAOSwEYlnPmMX&itmprp=enc%3AAQAJAAAAwHoV3kP08IDx%2BKZ9MfhVJKlaWObp%2BGsuCD%2BA6X0E4Ro6oRELhdagTzlcTyclcrUkcNkuqyqc7IbwQRFxvUBKpmam0Y2P5lwlV5aHd9L%2FUhLMegYE0NaTNjHI5XWEy4J%2FB2di2aq82Gwp2NdQ2E1KHFJliH5rZ0appIDTcY04LaHCgbalyWfODmKeJSbXutdXGv2fCDYIMt%2FIaIiMQZomG3v4HCHz2tkMOhoMWNw2dB8xR8sIHMXOKwLJC1jlK6opbg%3D%3D%7Ctkp%3ABk9SR6CswpruZA
N/A,$0.99 ,https://www.ebay.com/itm/156534925427?_skw=watches&hash=item2472356873:g:PKcAAOSw4CNnFTdy&itmprp=enc%3AAQAJAAAAwHoV3kP08IDx%2BKZ9MfhVJKmKYBT3UQrlTnIfRMY6kc1OU4A4v5DWNY0fIwVHeBdYYecSXo0RJPxiAly6jk6tffT5O4SgbtjULlYfwNXlOFEMw0uY%2BtbX7SYscuike3EvAmNR9NQkX1niqbfLRYUS41hrsEM52MsU8QcCzbDSDsOi2OnLzSviswl7ofrA3%2BBSLYeO1V0JTIlt55huMw260JTzfTlq4bqP20tEgSQnnMVaFGAgQ%2BSFpMdpS5C%2FA6lWFw%3D%3D%7Ctkp%3ABk9SR6CswpruZA
N/A,$44.99 ,https://www.ebay.com/itm/335500865674?_skw=watches&epid=14072736516&hash=item4e1d68f08a:g:dIQAAOSwzDxm-vXi&itmprp=enc%3AAQAJAAAA4HoV3kP08IDx%2BKZ9MfhVJKn%2FjoaBXNp3MPeRDaL96dfD0JptnwMzegDth54awfuNFJzpSMU9HRcAeF8f9quMvkSvPeQa6DmSeLFCbGRNK6dqHSowENPjuCGR7lkrphNJR68skOXGnAI4kBFtFCppmHk43998wtZHX0a%2FpKkBS6nLHnMntiOIzVE3V6Lmx6j8gqmqsDTKBK5p94QbufLI7wQN1ICkuIp4fIBIv%2FeLR5tXI7BBdgke8YHOlHXekdq2YoJ0QCl5J9LYLGp8vsTs0hnKbznx%2BtOnybgpYuO4SYTe%7Ctkp%3ABk9SR6CswpruZA
N/A,$49.99 ,https://www.ebay.com/itm/395947435038?_skw=watches&epid=2255329981&hash=item5c304e641e:g:jj0AAOSw0ltnSBVd&itmprp=enc%3AAQAJAAAA4HoV3kP08IDx%2BKZ9MfhVJKnMIYocAHVswcwM39zH23Asgh0q6NVG08FFnAQB3%2B%2B82JAO7QRBvylSZFJXkjdSFstFFoADoiEP2ALz0SFB6gfKGrK5oDqz5rmihuw%2BC1%2B8PHGE0JRmz3Bb57lOIq556cHeiZDKiJUnXWbBTJhaJoDfPUCAtcrW0IJf1iyltZhnm%2B0Ny3ccJQrKdQ6QW%2FVdjnvewFFv3rNNLjZqvDRwf3fjEtI0GBaJvZ%2BcgdcqNB7s2%2Fq%2BccRTHWkZpUKCNXy7CbD%2BqEjGob3NwaZr5wBfI1yK%7Ctkp%3ABk9SR6CswpruZA
N/A,$169.00 ,https://www.ebay.com/itm/325649986918?_skw=watches&epid=15049266945&hash=item4bd2407566:g:efoAAOSwwZtkaKQW&itmprp=enc%3AAQAJAAAA4HoV3kP08IDx%2BKZ9MfhVJKm7wSQPu%2B6x4UWnnvmtPYTlvsvCe6Udj3s11JJzyTVEhBOS1ZApWaO2OseFIAIiJYOdBzUmaNWfQNjBwdSgVqRcYYSb5tIzQqqYd8c0KqQ8xoXQ0kAomlXpp7920NH9EDIIdqCtX%2F2NUR6QTF7RG0gjSeknONIiJ6m%2BRYGRXgvgWzIwWLyMr5KKJYsQ0rFEgQ%2BsABXLNvn0ycb4GqyW8hcqzg9AfCWEf9E%2BBG%2B4vSNa63XUPczGIIN%2FD%2Fq5A9ppMLisnfdx5L%2FYA%2FxQfEu7lrQc%7Ctkp%3ABk9SR6CswpruZA
N/A,$79.99 ,https://www.ebay.com/itm/305741901508?_skw=watches&epid=17020257352&hash=item472fa32ec4:g:bBEAAOSwMnJmxmH7&itmprp=enc%3AAQAJAAAA4HoV3kP08IDx%2BKZ9MfhVJKkxEzhC1vg0H%2BT2odKlle7lq9xOSKGbSbV6blHYghsR7Jku1maKSmIdJaSAmWVSXZV82Ha0%2BiHzBdH3PP9t6S%2FChHDshNj4vJ2ufh1EczW9UFwGmVlNt21toWupN29TI7esFSaWrD2Y0wLXzNgFjPP6F6sk79lGn5kPd2Jx%2FJpWwnPOIyBk10R%2FPcec7SZVhMrtmdciQFjNWUd4Sgk%2BHjwX6XKGz0rV5VWiv2AvhZIzmld22njySlCS6qdqgSjOcVrmRCcIUaQG5ziweLMXOKl7%7Ctkp%3ABk9SR6CswpruZA
N/A,$148.00 ,https://www.ebay.com/itm/235844729425?_skw=watches&epid=10043780462&hash=item36e970fa51:g:xZ4AAOSwmwNnMOKr&itmprp=enc%3AAQAJAAAA4HoV3kP08IDx%2BKZ9MfhVJKlxnz4NPFqWYwena%2B%2FYbB8MAiRF9lmyt3zJgqLgtKr2NqYfqOewe0q4azCa35%2BYhqBHiVCQ2QxW0e4lqYJ%2B5upZIputfJ4OVZmBkq1ezdjSv5r5GTUXPD%2F487dqjEv8nGDaS%2Fwnr6vegnKNt4fLjl%2FUbfWEi43upzUfgyFDc8EJt8gilBDuSPvimoZHW8a74TBAk7EBKUuRbdsESvMd0i6ZHRZYTAR7fGvI7NJUKsNwa9nKH3gCHZJSyQ8qdEl9T5hL2ARXZBXldZ1QPI3Ye%2FN%2B%7Ctkp%3ABk9SR6CswpruZA
N/A,$29.99 ,https://www.ebay.com/itm/296516659090?_skw=watches&epid=2336187276&hash=item4509c52792:g:Td8AAOSwPOdmdEZ8&itmprp=enc%3AAQAJAAAA4HoV3kP08IDx%2BKZ9MfhVJKnIQsUxH0nPUCLXVM7oOf%2BFQbi%2BUeDtUIzANXU%2FLHdmZOZ5KMcTIB%2FAlVbGMy54xT3HdnQJkG%2Bf8zcqI0%2Bk8eiAVPeHNxrwXCLe1DHKjxzn5UQXTo3UilptD46jOy8pBLTFn4%2BvRNzilS8932GbQuJXrnmon5DGr%2B3nprqaF0skXCL9etMZcFXuMdKMgRmgJ5%2BT03oJuKuiqqs2vbzjzEFQjeng3P7%2Fa6j2PwIxE2hDKyBQyaYoOwRue38gAxQXB%2F0g%2BipNPiZ%2FLER9A5vdE6kW%7Ctkp%3ABk9SR6CswpruZA
N/A,$44.99 ,https://www.ebay.com/itm/335457994280?_skw=watches&hash=item4e1adac628:g:yOAAAOSwahhm-vXp&itmprp=enc%3AAQAJAAAA4HoV3kP08IDx%2BKZ9MfhVJKmKn3%2FrvEJJqDQ8yY%2BnU2LvSm6vLzkA6q2Bv41C3cztKLbiBPWjHy3ofOSSHFBkW1za%2Bk07oH2xjtujZrFReaVnKKly2F%2FK%2FGiWzo19brJr0%2FwFQfzp0UX3veQPk%2Ft%2FGDtHPLdM8YqWHuk2DsaI7pGAAUIJzArBjdpbF8lV7GE4G66vfknQk6rV%2FBdCeF8MTLwVAmjPtw5QUj64XO%2FbIqV%2FrTKHjmbwVrmuHDGPRuUHJFH6bJO7ihIqlIPh0Ip8HHrA4k0DadXXMfF3Qzin7TIF%7Ctkp%3ABk9SR6CswpruZA
N/A,"$1,299.00 ",https://www.ebay.com/itm/167093855258?_skw=watches&epid=18009850841&hash=item26e791e41a:g:ECoAAOSwy4lnN5wt&itmprp=enc%3AAQAJAAAAwHoV3kP08IDx%2BKZ9MfhVJKlyib%2BGqHpsp6wgQ5ueYePJQgjb9%2BeFj%2FSKKktBwLazeir8dzdoRwd%2B6%2BrHOGrVqo5yeeiCm1rWAziuxwmlR2eEyjCHBlvFP9ElCyhvxtb4FFijMJHYUJfQrdPYTbGdJBs1gs%2F153z5aKFKGt4P%2B9i%2FIHsRaLrldXAnCqbzweIK%2BY%2Fw0f2VYdyC1KKuRvLPI4yt9PvwAmBBnW34JNOC2BV3HuonsbPLC0gShCHt8oy%2BjA%3D%3D%7Ctkp%3ABk9SR6CswpruZA
N/A,$2.09 ,https://www.ebay.com/itm/405179079011?_skw=watches&hash=item5e568e1963:g:qssAAOSwIsFmxASX&itmprp=enc%3AAQAJAAAA4HoV3kP08IDx%2BKZ9MfhVJKlyonI0JQfpraOBkvIExnP1eDI1hP7su706AMz5UELWODuiLYmBUysUfAhxYzoXFpEkAlsHRlaqU18JE8HVuPHb2eHgym3yQxnec%2F%2B8ZYya1QOOZE1RpS%2F0J%2Fz5O20faLIbScJsohOSBw82c1qOg3tg6hOGFreAEEnYMCa6TMUrOeSBbixgBtxFEW%2FyXal2rM5nJvadODiwhvQt3FIEYBLUcANw4TwBOgd02vciq0donRT%2BfRFxuHxgSV6dbr8F25i7pjWbJvSNDJ9hpyan3kPd%7Ctkp%3ABk9SR6CswpruZA
N/A,$225.00 ,https://www.ebay.com/itm/365247394492?_skw=watches&hash=item550a70f2bc:g:1K0AAOSwKpdnOkyZ&itmprp=enc%3AAQAJAAAA4HoV3kP08IDx%2BKZ9MfhVJKnkbeVDusFeaLwKwewaXP9ppdz5bcHnQIdQ%2BDsTxfkPyj3q2%2FvAYyYDhTM5sCVJKWAC7blhGeY5d1N279s3kxRd%2BAM8rjFgryCCL646Iyo9Tfa8cB2loyn9xfBllZPiqKfryEv%2FDqC9nYItzCohQ6Wfn6WEFjk87zhxDqRPrvFpOHe2Ms67IQEmU9tXG6fyv0RpIZxJf5Aghz5MWhx6LPrWPBQYjki4mp8hXVQ6Or3oA5uv%2B9khYmORmjFCdfWTJIYQwRAWfCciANMgw1UNuyKK%7Ctkp%3ABk9SR6CswpruZA
N/A,$27.00 ,https://www.ebay.com/itm/226470192715?_skw=watches&epid=24048295989&hash=item34baace64b:g:2YMAAOSwcZdmuYX9&itmprp=enc%3AAQAJAAAA4HoV3kP08IDx%2BKZ9MfhVJKmnyYQlecl3s9aI9s9E%2FUOOn5y8tFDhWq%2Fxrom3FSEggHfw3LMttf%2B7m1QLbjjxLJl5tSboLocAlf8ta%2BKimJoflidTgkuVawPZehmNeaZ7%2FsAh0pjfQN7MoihrXZxCVSaXXEuPm8bc%2BLiKdN5oCci%2Bn%2FQdPM7e%2BkCDl2DT4LlvH6kU3hD1HNqX73QPF7AcRQJabteJlEghq0xGENqEjIoph87xWWo8vsLgRXphqeX4aNq2o7sW2dN4Ibv22%2BqiC9c71KOVeJU1eayHzjooYprd%7Ctkp%3ABk9SR6CswpruZA
N/A,$79.99 ,https://www.ebay.com/itm/267016017805?_skw=watches&hash=item3e2b65178d:g:IOEAAOSwLH9lKtot&itmprp=enc%3AAQAJAAAA4HoV3kP08IDx%2BKZ9MfhVJKnFEgsDFk4ZEi%2FV14EUpPhR3AvzkG%2BJa8vU6JIKLjUw5R8omo7SgOfOVYER%2Bcix9CsBSjKQ5Jc8JiVKp9il3D2dnF0%2FhBJX9wTmUojk02scWMm1tBDrYvaytHMIeXH--Ur40twW6BuvrVHkIh%2By3pj7g3LySQ3qposhfoGCXp4PEZyIr0lXB4yB6kiVmxUWkVVIC7pKgOhTn6pR0HnNLhXxUyWD5oIDNzqV5sfd%2FVTzrxS38JAE%2BBbgjQsm7p%2FJxRZ1PNg7exB4ZdFEFlzng%2B0C%7Ctkp%3ABk9SR6CswpruZA
N/A,$300.00 ,https://www.ebay.com/itm/145814372725?_skw=watches&hash=item21f336c175:g:GEYAAOSwu4VmTZWT&itmprp=enc%3AAQAJAAAA4HoV3kP08IDx%2BKZ9MfhVJKlk1aRw5%2F67qXtoTNruAiOU075w1jJoIoJomNe66uUCTYekvyFpzD8RHs9HdcHEk8JGbUxHqcVgRHcjH%2BbCj6D5MP28lfDFI2xN8Bt7xNlNmklEtoJkwvEEU9%2FKZ6gaJOidvxGnbaJtLSbxS%2Fwa0B11Mc8PLUzNQJIW7VNXtU0uFIu844xZNNQSkS1n2miJCzWlXWTY5UGEJwPgDrRyrSRLgt3lwfb60n%2BC1AlksD94PSuqQeB7Cq2TNHK3FS4gGk2I3XDu7FURJARb5LIzUwJy%7Ctkp%3ABk9SR6CswpruZA
N/A,$9.99 ,https://www.ebay.com/itm/126799701161?_skw=watches&hash=item1d85d9e4a9:g:mbQAAOSwE19nR27w&itmprp=enc%3AAQAJAAAA4HoV3kP08IDx%2BKZ9MfhVJKk5mwVXkDZYyUoWrSj1Dr6n4YLGz23%2FJL4Wldq8lBe6vlmD1awOt5CoWBYxyC%2FCUSJudBE%2FabHDZEWTgkJ6KjfwhuAeemrRf3w4JasHEVDHkqHc5VKorSNhzDsiuoKwwdHyznEnfVyXzqA8xkfdxHTEKojQ28qO6mF4qHTXHbrpYShJp0ok%2BB4pTWt1%2BZxs4xsrZw0bAyyTvbAGAKrrmOwrXYs3VW4O%2FV4DfwXoZjIN%2BIHeXtcZn9r%2B%2FhDWUtUkU1XicZtyCUN%2BqzyLE3tBKTcN%7Ctkp%3ABk9SR6CswpruZA
N/A,$100.00 ,https://www.ebay.com/itm/326353801917?_skw=watches&hash=item4bfc33d2bd:g:3f4AAOSwmfxnR2Yp&itmprp=enc%3AAQAJAAAAwHoV3kP08IDx%2BKZ9MfhVJKmhbnfXm6cPmaZJyNFlNPSUq39VJNr%2FqjGpAIsBaILgEn4tokAKe0fVD2MhH419%2BIKrMToFV%2FFfp6HG2xHm6c%2FiZhBO19wUddae5LwrBdWfynvTN6LE6%2BFJq3Owu%2Fnso%2FE7UZM9LsWSH9Be0UIyg03zEP8gE5o4IcQK6MFh4t4uG1b3GdQX4ZMCMrX30xV%2F34O%2Fx%2Bj%2FX8ztZOuMLKYkyuBaPJezH4FLT0VpC36Rhvq0JQ%3D%3D%7Ctkp%3ABk9SR6KswpruZA
N/A,$139.99 ,https://www.ebay.com/itm/356246099712?_skw=watches&epid=28060563495&hash=item52f1ec1700:g:4GwAAOSwUrpnMTyj&itmprp=enc%3AAQAJAAAA4HoV3kP08IDx%2BKZ9MfhVJKlLKOf%2F0jGKwhOvEW%2FR6UP3Nsdv%2BKzPSCQguSX3%2BrWOjivVHSP9IvrMXChQMjE%2BJFldrV3y0jFjd%2B7ohVGUSxlPT9hwr6G0GPF811Syp2%2FH4jTq67gwqlMhelAO6%2Fijee1BNxznqn5%2BHZo%2BFo3wBewp5%2BppxsVm%2BSEFM2vg%2B71pWVZ%2BoNNvq8ybmdptk0BBRR%2F3hWS95R84zSDQnKbvZtZUoifn0CHRVNZKLLW8hrHW25aeTEb1WJIz%2FbhoiCGGdqbzes7PY90gGNyWazv2zmtU%7Ctkp%3ABk9SR6KswpruZA
N/A,$120.00 ,https://www.ebay.com/itm/387658429890?_skw=watches&hash=item5a423e35c2:g:ty0AAOSwzAVnSBjE&itmprp=enc%3AAQAJAAAAwHoV3kP08IDx%2BKZ9MfhVJKn%2FUT36t5ACiSjQ4dN7At8gOGayhW9STtgQ8zjrE8XLcr7D6ZD6QZok8GoEA8vlrirI5g2m0YLbE4JhKu%2BfsCqmMuxD%2BMEJf2fO%2BWuyi8qORO%2B8tCRQ1zHD6IXk9IEp%2Fx7jQdpAn1XsEU%2BwzQIcH0LMrQMv3TRTTMJWYFEgMCaofzVGf%2BdBkQBDKG7d4IUXG4CclgJV4hCXAD%2BDosuEIZ4JqkEF5PJCMQdaKDrdGitVFA%3D%3D%7Ctkp%3ABk9SR6KswpruZA
N/A,$1.44 to $1.95,https://www.ebay.com/itm/335619754660?_skw=watches&hash=item4e247f0aa4%3Ag%3A83QAAOSw-itXv%7ESJ&itmprp=enc%3AAQAJAAAA4HoV3kP08IDx%2BKZ9MfhVJKm7m%2BJDerZ03NQaKB9fTXEEoaRhlQmZNM77KM%2FIUIPKQ6BW6GrpM9xRoUQ3bmrP3Zb9NGbQckwyESxNRTYVPdYJaIlRGvctExYpQvPaSeczjBG8%2FxhP4rmCG%2BYfL%2BoO0rRaNS6hFc4gt29d8MyjW9nSPrfl%2F3Qevj6qKSpI2FVupkaeMqrKL6HA8BcU0TId2nmvBQwHRXro1tjpDbZzW3h2IjKrGegqEBFOKEQFyo7rpA7vsmstLeHKpm7emRlppu5w8QHI16L6TWh8Ei%2Bqtu6M%7Ctkp%3ABk9SR6KswpruZA&var=545136761363
N/A,$250.00 ,https://www.ebay.com/itm/365230778821?_skw=watches&hash=item55097369c5:g:o7gAAOSwV3lnNcgB&itmprp=enc%3AAQAJAAAAwHoV3kP08IDx%2BKZ9MfhVJKlTy2r1vMiw7EhhlUm9UPOM1FXZpti3XPR2ZnW2ICTNmkbS2X%2BBnpXjepKqj9BeMDIl7LkcLqQLVHjUdJT295DpYqmuiniyp01gqY1CiWLclwpwtQRQlatHZmf0YuAaXcHXNn81CzAU8gcMj2cW6CNcnYN8kAppx95uGObc8iLWkbUWAAnG71XAzK%2FYFvSrPTY4ubc8H78vIWA2wQRJYaYzXbmgXDtqNfNQPJ7FOY70Cw%3D%3D%7Ctkp%3ABk9SR6KswpruZA
N/A,$152.99 ,https://www.ebay.com/itm/335653626595?_skw=watches&epid=25028250155&hash=item4e2683e2e3:g:xfQAAOSwAXxnJ~RC&itmprp=enc%3AAQAJAAAAwHoV3kP08IDx%2BKZ9MfhVJKkeCwgCoElZza1XgXKtghaorT4qqyO1plPQVFRxRzPdY2cy0UDn%2Fr3ijBUQRFhAptlrgGBBbtuoljN0vWwEVcvthYRdfmHyZSh0%2B4VSAfkujOQgY5QUDoSmlgFTRwfP2SLPqT0uQbuKyJjGkXQiAAsmZ5SVI22d0CrpFRyleaHMCM2oPehs0g7nDOWDMevu53tYy1avp26nnTGR6cS%2BEAHdz7xX1hZ4dq9v0vqaZnMYmA%3D%3D%7Ctkp%3ABk9SR6KswpruZA
N/A,$40.99 to $56.99,https://www.ebay.com/itm/322341446802?_skw=watches&epid=6019372164&hash=item4b0d0c2492%3Ag%3AH7EAAOSw-0xYOsVV&itmprp=enc%3AAQAJAAAA4HoV3kP08IDx%2BKZ9MfhVJKmlw6y4MkLx%2FY8mxZ%2F5i6iugdGKiDseRYZ3TKxU%2BGNnp4mWHoAr13l3G4MhisPidSDHzPCM1%2B0aixFzW5H9pNYyveCy1Nn4j9sKQLvG3f2TNbusue1bYcjkJ3ny9xE1LD77TddzUDQo2CRrKZl01JSLCza7fPAopSNJXWAK3aTQaPBywJbUmBiaKGdZYI0382kd%2BcifMkUGjZ0KvIp%2BC5nANrBgH3T2IxS%2BnGLBsXhI%2BaWao%2Fe4gmkB%2FNyzMh7giCU3EiEtdgsEE4SrUAfQ9JAs%7Ctkp%3ABk9SR6KswpruZA&var=513452123043
N/A,$99.99 ,https://www.ebay.com/itm/392401755910?_skw=watches&epid=70317213&hash=item5b5cf79f06:g:ofAAAOSw1MRdZZgJ&itmprp=enc%3AAQAJAAAA4HoV3kP08IDx%2BKZ9MfhVJKl%2FOPe4mY7d4MWBQ4PapIwqhkC5hlLGbCOlB8Kv0gUcqX5QZRD7sGYQQTl%2BL%2F0r%2B2EJB%2Bm6dfwKlZA8O6gmMBqMgb%2BoZhXp9OqKoNnD5cQeGp4%2BGTmCE2hafbZ8SzYtu%2FyPAUgW06o989e%2Ftsi2kI5G83MraBe5OVcgburh7rRRZnrLZ3pOdZjOGnJi2Opy%2BkTqtE5qLoO4gG3QNPc8bf7vD5P5u06ICbZp7Bq2ww6Lf%2FLRPUT4zvvTTWdpX1ivA%2FGvkM1KHOTAsetfeUlvf6Ww%7Ctkp%3ABk9SR6KswpruZA
N/A,$45.00 ,https://www.ebay.com/itm/315976783509?_skw=watches&hash=item4991af1695:g:goEAAOSw34lnPMkD&itmprp=enc%3AAQAJAAAA4HoV3kP08IDx%2BKZ9MfhVJKnaIxcd7x8hY4MKdpbTKbtL7S9XQCpOeMdtFFAXm0ajF%2Fxb3NAjfofjoVqkjwu0a4KBrXf3K7VoMR8WmX6Mi4Qgrr7jJgYTZS4celzCj%2F20cS6qYmmJxprFWkDzdKqaDHo75NpihOUWG%2BpJ9Iah4cDP8Rqf6lKPEb6z2Kr5t8C7hLq0uGn6JBFgJqgl0BtsmiIqu2CzzVmSRk6n%2F200pKQ%2FzVIIPPc%2Bf0pVY01gxPY215tqYOQRaTHwcm4oOec%2FjdMdQsuFKlqH3aeOkqITB0fB%7Ctkp%3ABk9SR6KswpruZA
N/A,$13.29 to $14.11,https://www.ebay.com/itm/175889063568?_skw=watches&hash=item28f3ce1e90%3Ag%3ARLMAAOSwpyBk7%7EZc&itmprp=enc%3AAQAJAAAA4HoV3kP08IDx%2BKZ9MfhVJKk%2BI8Pe8c2RCLobGFd%2FuwxcmC4tbEzF99R76kirEP%2FSo4%2F6Bq818%2FGrsZW82GitfET6ypr9lWH4TucP1wYKdBiEEreKRx0Rh%2Bh4CrVC%2BY8f1j%2BkLLylLfinyb4Mo7YstmSwm2EoB3bOzkhmhcbzoUlzNZSZnIQgxuTMPXHiTFEGkqZAhJbDnLOc5t4Iyu9YilhV3uk4Ah05IMK3lAdtOhgNkGNZHEQ93SwhPa5v2yxvhce1GhyyOK5X2vVVGeZTCUB2HmEqGq52iyoqaatMtski%7Ctkp%3ABk9SR6KswpruZA&var=475303993305
N/A,$1.80 to $3.14,https://www.ebay.com/itm/335654786534?_skw=watches&hash=item4e269595e6%3Ag%3AgI8AAOSw4NlhCjLQ&itmprp=enc%3AAQAJAAAAwHoV3kP08IDx%2BKZ9MfhVJKksiHD9RjtxUy7QgYkg%2Feo1pUC0nKeboMHa86b0ysjbbu%2F2p44%2Bz8yNZGvN637n0WTlqwkjMrEbb%2FnZfmfU3tVNzy08JmD3LhUIFVS%2F%2BwiBZXmS3CTzGgGp3xVRZVjZyYdeG2Udt8TQTIxiT73jVprBnQ%2F07ORhgvPjTryqE4AQwm%2FOrsU%2FqA3KwoGl5yulfS7CTF8O8okY9NQd7kVx%2FIRQkCPcIPpo30Mb2CoQAMyIig%3D%3D%7Ctkp%3ABk9SR6KswpruZA&var=545172263988
N/A,$45.00 ,https://www.ebay.com/itm/315989086941?_skw=watches&hash=item49926ad2dd:g:im4AAOSwRAxnQZOR&itmprp=enc%3AAQAJAAAAwHoV3kP08IDx%2BKZ9MfhVJKnwab5HLkPMkB01%2BZ2LVGrA0vTTG0wM2NpV4Q9mQgMRymyCWCpYChwOQRA%2F7It9ysoPpcwDkmRuLGBBuhIeAXwtUsTRWueLo8M%2F6YuZixKDQVncs0Y0OmokfYzA%2FAIeURoVqfbJ%2Bu69SNQqXVE8T1L%2F7d5kc9myqWtqaCWZtYghCW3YDtSWEJ4i00qsFVvc%2FdRtiBCFipXhJOAobRaVt5sZDyqO%2BiRGStM6inWjDVC3PA%3D%3D%7Ctkp%3ABk9SR6KswpruZA
N/A,$4.79 ,https://www.ebay.com/itm/167024860426?_skw=watches&hash=item26e3751d0a%3Ag%3A6z8AAOSw%7EAVYtUCv&itmprp=enc%3AAQAJAAAAwHoV3kP08IDx%2BKZ9MfhVJKlg5W5s2TJ9Tba%2BuUXa2q6MmfFs1AGaZV7R0jgF4IciLM3sFYfUxxnCznogG5a4%2FmxqWM4jDR482hY1kCu6vjDp2T%2FQZUAZRAyandHnOhMeMoblUSbA%2BsRrgOR%2FQ6f0T45aOahvUKLAebKC5q5gw20%2F09nEdmshVmdq4ZOyJJ4Wm5iHUfYd%2BX%2BClETouJJdawGMNKp0arbYY0BgbZ8PYVWvwsqDblHp3e%2F2ECu3b1tJNw%3D%3D%7Ctkp%3ABk9SR6KswpruZA&var=466742885262
N/A,$24.29 to $48.51,https://www.ebay.com/itm/224780177208?_skw=watches&hash=item3455f14f38%3Ag%3AHo8AAOSwDjZhlVHI&itmprp=enc%3AAQAJAAAAwHoV3kP08IDx%2BKZ9MfhVJKlQryD8hkvkftpouUInU3sXTqRYuVOo07mlNpsRtdbiTwCg%2FtaYHkqIUhjmZXeMzcyJQRAWL11TjCQj2mIJK3gxJ4wFoN7lztD9fuS%2FidTdLEdQAfaSsLaeK69znXdzlGWeVeM%2BuImakiN6TLqEjmUgWCgXM02bVi67hYP8Kt%2BTw0ZMpjNuV5SXi3c8XZ5z6kPa%2B2wrZdIRMXHSXcT0ZnNY4qcb0MA11ruQSZyIdvR%2FRA%3D%3D%7Ctkp%3ABk9SR6KswpruZA&var=523640102208
N/A,$85.50 to $671.45,https://www.ebay.com/itm/305817635202?_skw=watches&hash=item473426c982%3Ag%3Aye8AAOSwOJpmEri7&itmprp=enc%3AAQAJAAAA4HoV3kP08IDx%2BKZ9MfhVJKmgZet7lXPN2NGx%2FLEE6dIhB1R0YKEFjqq8xkWM371x%2FmNxcwUSYpuS7m4nxtrwKK5EIuRAHtI07nxU1kURGzVJnX%2FepVHJA4vvZOSZBd0Ojnnid1bddZSuQiUZt7KT7aJJ9yP2c8zxOcl67YXGYCxR9D5aqVrHVZqAx4jtxpkow%2Bg2HUp0O1X3e7oVU29eT5LLSdelsYzhyk6OwRiHHGjA%2FqRn47H0tDnG8czY3%2BjVl200HaIUAdPqnVNRbHzjfcLUNRndXL%2FiXMU2uo8ptJuT%7Ctkp%3ABk9SR6KswpruZA&var=604974859718
N/A,$159.88 ,https://www.ebay.com/itm/116389799266?_skw=watches&epid=710108060&hash=item1b195f6562:g:01YAAOSw5G9nK~K~&itmprp=enc%3AAQAJAAAA4HoV3kP08IDx%2BKZ9MfhVJKlGX2BLAhAIjpuJ6yrlmAD8Ia1J3%2FMkYnbXaSAZZ0urFXq7jzAAUYwHnxaNNq%2FIYKQkgs6MN8u%2BOuIrfzZ6Fazgl%2FAGduPiJXJt9346DjYRvpeuZtcVW4UJnz%2FmTHhQZjtZI--4HoTDgHE3a7EH9bDBkD0HVTESsC8PTB9uFMCai7Hn9XJ1%2FsDLI3XcNwmoAyqcq%2Fi%2BCTOW8UqCjArDirLxxE5la2lz%2FYKUENgjleQOtNzi5kASgEt4ObJN0fJduIWWBXJECxwAFDlBTCnh%2Fw6n%7Ctkp%3ABk9SR6KswpruZA
N/A,$977.34 ,https://www.ebay.com/itm/383665561750?_skw=watches&epid=27043536133&hash=item59543fe096:g:63UAAOSwGuViRL8E&itmprp=enc%3AAQAJAAAA4HoV3kP08IDx%2BKZ9MfhVJKlMqHxid%2BCkAdBZ16puXzhJm%2Fg%2BoOcSTvFXCtZlnTwf92%2Bq0KygqtVOb31qivu%2FcTNW9H6OaUxKIGvr5FS09raySB0f1JEWsPwR1y9mxVBedWU%2BiDKfLADOBTTUsNk11hK5mFkh5Cytrsgx0Xlt78EQPn0fDE%2FPZdz5GaAdio1cnoPmxNeLTwUEu9hO0spEAzdEpFryNeD80qFmsxw6SxdLLIZMV6cOGZBYMun0H3T06yCF%2FQjMvcszj63iWk44jskpf7mFXVmjQx%2BHCLQzlc%2Bv%7Ctkp%3ABFBMoqzCmu5k
N/A,$179.00 ,https://www.ebay.com/itm/155920515958?_skw=watches&epid=11057823309&hash=item244d964376:g:RjIAAOSw0tlleS2c&itmprp=enc%3AAQAJAAAA4HoV3kP08IDx%2BKZ9MfhVJKl2D1fKY%2B%2BNKM9rDgvQSgq5fCg1mt0KFDiEnjh4lZbVoFER1U%2B%2FaxA5lJMBGNhuwIlYAmX2%2FKN38l3FWirGgdfY%2Fj%2B2Ziu8o8y7Ga1j246FToQo%2F43v%2BhxsYGhzzwEF9BBKfodUca3Wzr%2BoTkBmb5Yp5GGUrIynPbaTPrP8kn2YTs%2BXW4JZ3LnVC213YeVN3dEDt%2FzBEfzphCU34Pzstz1hwtYazNHPdI0HJM0G77jTqLf9TKT%2FvH783dXRSb8NoELYNcbdGzD1qgGT7lAlcw7j%7Ctkp%3ABFBMoqzCmu5k
